Post Code,Comment ID,Comment Text,Timestamp
DIWV7F_SdVa,17945468082005330,f4f,1748675117
DIWV7F_SdVa,17845995720490071,f4f,1748675112
DIWV7F_SdVa,17929882836051482,Race me ğŸ˜¤,1748675051
DIWV7F_SdVa,17873839884358315,Autistic,1748672530
DIWV7F_SdVa,18022191776650941,RCB,1748671535
DIWV7F_SdVa,18100114267483142,Plsee come India speed...and support RCB for Virat and so chill with rcbian,1748671520
DIWV7F_SdVa,17974202300734160,Aloha ishowspeed I just wanted to suggest so interesting content you should do because you missed your chance to feature the late Steve Irwins Australia Zoo and to meet his family. His wife Mrs.Terri Irwin and his children his daughter Bindi Chandler-Irwin and Son Robert Irwin during your Australia live stream and you could have highlighted animal conservation and you could've gotten to feed crocodiles by hand and hold other animals by hand unlike that other zoo you went to in Australia like how Kevin Hart did on Jimmy Fallon with Robert Irwin so please go back and get that doneğŸ¤™,1748671247
DIWV7F_SdVa,18064273136318001,GOO SPEED.. SUIIIII ğŸ”¥ğŸ”¥ğŸ”¥ğŸ”¥,1748671153
DIWV7F_SdVa,18060196967141272,GO SPEED,1748671145
DIWV7F_SdVa,18049992311111315,"CR7ğŸâ™¥ï¸ a line about you.
If you have a million fans in the world, then I am one of them. And if there is one fan in the world, then I am the only one. And if you have no fans in the world, then believe me, I am no longer alive.ğŸ‡§ğŸ‡©",1748670856
DIWV7F_SdVa,18460283998072505,Come to Kerala â¤ï¸,1748670203
DIWV7F_SdVa,17913209352017427,Old account delete ğŸ’” please support,1748669106
DIWV7F_SdVa,18080701795697022,"""Hi friends! Iâ€™m raising funds for trying to keep my home Your support would mean the world. More info here: 
ğŸ‘‰
https://gogetfunding.com/struggling-alone-abroad-help-me-keep-my-home-2/",1748667977
DIWV7F_SdVa,18051237851524680,Monkey ğŸµ,1748667099
DIWV7F_SdVa,18037208936640374,Please support @globalmarchtogaza,1748664688
DIWV7F_SdVa,18065478089120763,If you truly support Palestine talk about the Global peaceful March happening this June !! Thousands around the world  will gather to walk on foot to Gaza and spreading the word of this happening would huge,1748664666
DIWV7F_SdVa,17867953707385528,Ä‘áº¹p quÃ¡,1748664349
DIWV7F_SdVa,17851563762463109,â¤ï¸,1748663483
DIWV7F_SdVa,18138495895405604,ğŸ‡°ğŸ‡¿ğŸ¤,1748657132
DIWV7F_SdVa,17903277432187938,ğŸ¦…,1748656094
DIWV7F_SdVa,17928903219003798,â¤ï¸,1748656088
DIWV7F_SdVa,18181465831319199,ğŸ¤,1748656084
DIWV7F_SdVa,17908430451118618,ğŸ‡ºğŸ‡¿,1748656077
DIWV7F_SdVa,18061975190144727,Love ya speed from Iraq ğŸ‡®ğŸ‡¶ â¤ï¸ğŸ‡µğŸ‡¸,1748653151
DIWV7F_SdVa,18051491420594447,Arigato,1748648836
DIWV7F_SdVa,18507401968051178,Speed please watch AYLA,1748648588
DIWV7F_SdVa,18069154792970595,,1748646888
DIWV7F_SdVa,17863053078408031,Speed Dagestan Russia god morning,1748646019
DITlMFEsnxw,18079816780646685,Race me @ishowspeed,1748675082
DITlMFEsnxw,18032672060675727,,1748672647
DITlMFEsnxw,18043982792537906,Aloha ishowspeed I just wanted to suggest so interesting content you should do because you missed your chance to feature the late Steve Irwins Australia Zoo and to meet his family. His wife Mrs.Terri Irwin and his children his daughter Bindi Chandler-Irwin and Son Robert Irwin during your Australia live stream and you could have highlighted animal conservation and you could've gotten to feed crocodiles by hand and hold other animals by hand unlike that other zoo you went to in Australia like how Kevin Hart did on Jimmy Fallon with Robert Irwin so please go back and get that doneğŸ¤™,1748671260
DITlMFEsnxw,17953012823825163,ğŸ‡ºğŸ‡¿ğŸ‡ºğŸ‡¿,1748671066
DITlMFEsnxw,18064912025489624,@ishowspeed come to Uzbekistan ğŸ™,1748671064
DITlMFEsnxw,18049122176580908,@ishowspeed come to Uzbekistan ğŸ™,1748671061
DITlMFEsnxw,18086462794728617,@ishowspeed come to Uzbekistan ğŸ™,1748671059
DITlMFEsnxw,18078071260848829,@ishowspeed come to Uzbekistan ğŸ™,1748671057
DITlMFEsnxw,18093623443594410,ğŸ‡ºğŸ‡¿ğŸ‡ºğŸ‡¿,1748671021
DITlMFEsnxw,17935218903030629,ğŸ‡ºğŸ‡¿,1748671019
DITlMFEsnxw,18088932601846290,ğŸ‡ºğŸ‡¿ğŸ‡ºğŸ‡¿,1748671017
DITlMFEsnxw,17842861020503230,ğŸ‡ºğŸ‡¿ğŸ‡ºğŸ‡¿,1748671016
DITlMFEsnxw,18056907355997610,ğŸ‡ºğŸ‡¿ğŸ‡ºğŸ‡¿,1748671015
DITlMFEsnxw,18145319965376671,"@ishowspeed Come to Uzbekistan, we are waiting for you.ğŸ‡ºğŸ‡¿ğŸ‡ºğŸ‡¿ğŸ‡ºğŸ‡¿",1748671001
DITlMFEsnxw,18386856490142275,"CR7ğŸâ™¥ï¸ a line about you.
If you have a million fans in the world, then I am one of them. And if there is one fan in the world, then I am the only one. And if you have no fans in the world, then believe me, I am no longer alive.ğŸ‡§ğŸ‡©",1748670889
DITlMFEsnxw,18086718382636003,Come to Kerala â¤ï¸,1748670221
DITlMFEsnxw,17967724997873946,ğŸ‡ºğŸ‡¿ğŸ”¥,1748657141
DITlMFEsnxw,18073398871733648,ğŸ‡µğŸ‡¸ğŸ‡µğŸ‡¸ğŸ‡µğŸ‡¸ğŸ‡µğŸ‡¸,1748652451
DITlMFEsnxw,18081128932691459,Help me @ishowspeed,1748639790
DITlMFEsnxw,18069351410483034,One piss ğŸ’©ğŸ’©ğŸ’©,1748637351
DITlMFEsnxw,17956460468808111,ğŸ”¥ğŸ”¥ğŸ”¥,1748633099
DITlMFEsnxw,18069394183991686,Niga,1748628823
DITlMFEsnxw,18064494230098255,@ahmad_workout,1748628080
DITlMFEsnxw,18074762146914683,Speed please read my pv message,1748627813
DITlMFEsnxw,18091111567613010,Yooo speed can you buy me a new phone so I can keep watching your stream ğŸ˜„,1748624275
DITlMFEsnxw,17962742267783083,ğŸ˜‚ğŸ˜‚,1748620715
DITlMFEsnxw,18056018828255952,ğŸ‡ºğŸ‡¿ğŸ‡ºğŸ‡¿ğŸ‡ºğŸ‡¿ğŸ‡ºğŸ‡¿ğŸ‡ºğŸ‡¿ğŸ‡ºğŸ‡¿,1748620713
DITlMFEsnxw,17945977166994387,â¤ï¸â¤ï¸â¤ï¸â¤ï¸,1748620711
DITlMFEsnxw,18044063492628764,ğŸ™ğŸ™ğŸ™ğŸ™,1748620709
DITlMFEsnxw,18099644353556087,â¤ï¸â¤ï¸â¤ï¸â¤ï¸â¤ï¸â¤ï¸,1748620708
DIN6WBfu_0c,18057750647261954,WAKH HEBAT ğŸ—¿,1748664700
DIN6WBfu_0c,18064521779117826,"Greetings my brother, Speed. Hope you are always well. ğŸ™ğŸ¿.I am sending you a message, right now, because I want to ask for your help. I know this is very embarrassing, because it is related to money. Right now I really need money for an event in August 2025. Btw, I am from Flores, a small island in Eastern Indonesia. 3 years ago my father and younger sister passed away, and we Flores people have a long series of events for the death. This is my responsibility because I am the son and the eldest child. This event requires quite a lot of funds. In addition to the event, I also need money to buy plane tickets. I currently live on a different island and quite far from my hometown. Later I have to bring my wife, in-laws, and two little daughters there. We are forced to use a plane because the event time does not match the ship schedule, and also the trip by ship takes almost 6 days, my leave time is not enough. Therefore, My brother Speed, right now I really hope for your help. In total, I need funds of around $ 5000 ğŸ™ğŸ¿, for the cost of the event and our trip to the village. I really hope for your help, brother. My salary is not enough to cover this event. Hopefully you can help me this time, just this once, I know it's very embarrassing, but I have to try to ask for your help. Thank you, Speed ğŸ˜‡",1748659289
DIN6WBfu_0c,18177201376323529,When are u coming to Kerala,1748659000
DIN6WBfu_0c,18274266457281275,Anyone can do this button-------------->,1748658845
DIN6WBfu_0c,18059858869962819,me thinking i could do this . pshh EASY,1748658752
DIN6WBfu_0c,18066099089002358,Bro get doings for Ronaldo he weae all football club Ronaldo has  played at,1748657913
DIN6WBfu_0c,17893645614122144,ğŸ‘ğŸ‡ºğŸ‡¿,1748657147
DIN6WBfu_0c,18513388354042440,"Wow, speed is running really fast",1748656955
DIN6WBfu_0c,18009848870583421,ğŸ‘ğŸ‘ğŸ‘,1748656648
DIN6WBfu_0c,17878631409224222,That jersey is ğŸ”¥ğŸ˜,1748656232
DIN6WBfu_0c,18066261439846871,Pero si es el mismÃ­simo velocidad ğŸ”¥,1748655060
DIN6WBfu_0c,18068524267819883,200M Viws,1748651973
DIN6WBfu_0c,18039989792295277,Wow ğŸ˜®,1748651402
DIN6WBfu_0c,18031875149416466,ğŸ˜‚ğŸ˜‚,1748649686
DIN6WBfu_0c,18172581718336193,ğŸ”¥ğŸ”¥ğŸ”¥ğŸ”¥,1748648377
DIN6WBfu_0c,18067847372065305,That boy,1748647817
DIN6WBfu_0c,18072755359930821,Lets try it but with a high heels shoes hahaha,1748647350
DIN6WBfu_0c,18043190183236899,Say siuuuuuuuuuuuuu. â¤ï¸,1748647103
DIN6WBfu_0c,17931661506024207,I want you T shirt ishow. ğŸ’ŸğŸ”¥,1748647074
DIN6WBfu_0c,17912395467103015,Wow,1748646982
DIN6WBfu_0c,17895124593237226,Watching this in 2X speed makes it funnier,1748646964
DIN6WBfu_0c,18057285800213621,https://www.instagram.com/achadosdarendaextra_?igsh=MXVrano2YnhrcGMzZg==,1748646732
DIN6WBfu_0c,18069817597812021,Looks easy woohoooo,1748646596
DIN6WBfu_0c,18085902748669637,Bro that easy,1748645793
DIN6WBfu_0c,18066805253067219,ğŸ˜ğŸ˜â¤ï¸,1748645301
DIN6WBfu_0c,18101805466528407,Escape and you get your freedom:,1748645153
DIN6WBfu_0c,18033877187354249,Bro is trying to escape the zooğŸ˜­ğŸ˜­ğŸ˜­ğŸ™ğŸ™ğŸ™,1748644855
DIN6WBfu_0c,18006226097782651,,1748644631
DIN6WBfu_0c,18086511430711525,ğŸ’ŸğŸ˜‚,1748642860
DIN6WBfu_0c,18034524020357140,The way Iâ€™d get stuck down there,1748642517
DH3UZtHpyOW,18507078895038188,,1748675280
DH3UZtHpyOW,18110725471505767,ğŸ˜”ğŸ«¶,1748675090
DH3UZtHpyOW,18080602084755435,It's incredible that two unrelated people are playing together.ğŸ˜‚ğŸ˜‚,1748674797
DH3UZtHpyOW,18054520475363817,Va nihoyat o'zbeklar yo'q joyni topdimğŸ˜‚,1748674037
DH3UZtHpyOW,17867047413390688,,1748673644
DH3UZtHpyOW,18030513821441227,ğŸ‡®ğŸ‡³ğŸ‡ºğŸ‡¿,1748673150
DH3UZtHpyOW,18094477849526349,ğŸ’€ğŸ’€ğŸ’€,1748671202
DH3UZtHpyOW,18364234099195346,Is that the twin towers,1748670830
DH3UZtHpyOW,17939190444008809,Bro come to Kerala â¤ï¸,1748670262
DH3UZtHpyOW,18113259367492639,Uzbekistan ğŸ‡ºğŸ‡¿,1748669445
DH3UZtHpyOW,18081693460701472,âšªâš«,1748668550
DH3UZtHpyOW,18282711178301975,It's funny how I saw the original video of this getting made o it isn't ai to be clear,1748665120
DH3UZtHpyOW,18067353839315400,ğŸ˜­ğŸ˜­ğŸ’€,1748664371
DH3UZtHpyOW,18047951321425723,Ai,1748664132
DH3UZtHpyOW,18143953951381152,Uzbekistan goğŸ‡ºğŸ‡¿@ishowspeed,1748664062
DH3UZtHpyOW,18329898445164340,,1748663744
DH3UZtHpyOW,18136444762406409,,1748662442
DH3UZtHpyOW,18164197999356698,Ai or realğŸ˜­,1748661929
DH3UZtHpyOW,18506543794035757,â¤ï¸â¤ï¸,1748661901
DH3UZtHpyOW,17955261716816357,,1748661419
DH3UZtHpyOW,18089043670652464,ğŸ˜‚,1748659994
DH3UZtHpyOW,18302608627169384,Nigga-san,1748659574
DH3UZtHpyOW,18410002924096997,hi,1748658320
DH3UZtHpyOW,18067352291291014,Follow meâ¤ï¸â¤ï¸ Go into my profile pls,1748657794
DH3UZtHpyOW,18083392087687691,ğŸ’€,1748657153
DH3UZtHpyOW,18071423659940077,ğŸ˜‚,1748655381
DH3UZtHpyOW,18042503030245731,Tha tao,1748654395
DH3UZtHpyOW,18026699627487658,ğŸ‡ºğŸ‡¿ğŸ‡®ğŸ‡³ğŸ¤£ğŸ’€,1748653911
DH3UZtHpyOW,18346464307085397,,1748652582
DH3UZtHpyOW,18373391554127232,ğŸ’€ğŸ’€ğŸ’€ğŸ”¥,1748651877
DH0CoulO6WV,18080922751762418,Follow me ğŸ˜¢,1748664468
DH0CoulO6WV,17948845595987854,I started sweating watching this ğŸ¥µğŸ¥µğŸ¥µ,1748664413
DH0CoulO6WV,18070324013508010,Lilo,1748663089
DH0CoulO6WV,18114838996485691,Green screen ğŸ’€,1748662233
DH0CoulO6WV,18047015666170166,Are you going haven or hellll??,1748661224
DH0CoulO6WV,18173496844327083,ğŸ˜®ğŸ˜®ğŸ˜®,1748658961
DH0CoulO6WV,17913025398018298,ğŸ˜‚ğŸ˜‚ğŸ˜‚I got goosebumps just from watching,1748658642
DH0CoulO6WV,17963370566920435,ğŸ”¥ğŸ™Œ,1748657160
DH0CoulO6WV,18061113778915391,I cant feel my leg watching this!ğŸ˜…,1748656954
DH0CoulO6WV,17933435223041203,ğŸ˜®ğŸ˜®ğŸ˜®ğŸ”¥,1748652632
DH0CoulO6WV,17940466653006749,,1748651090
DH0CoulO6WV,18026175758681167,What if he fell? Is there protection net or smtğŸ˜­ğŸ’€,1748650098
DH0CoulO6WV,18478283005069936,Itâ€™s fakeğŸ˜‚looks at the car it floats in the airğŸ˜‚,1748648973
DH0CoulO6WV,18087205684638289,,1748647855
DH0CoulO6WV,18146606998381409,Can you backflip on there. ğŸ˜‚ğŸ’€,1748647237
DH0CoulO6WV,17850812166465812,ğŸ™Œ he looks so scared,1748647046
DH0CoulO6WV,17870853597369034,https://www.instagram.com/achadosdarendaextra_?igsh=MXVrano2YnhrcGMzZg==,1748646597
DH0CoulO6WV,17866784715305090,Yo do backflip over thereğŸ’€,1748644469
DH0CoulO6WV,18080324836812656,Ki shaab lih la taa7 i3awd mn lwlğŸ˜‚ğŸ’€,1748642412
DH0CoulO6WV,18096520444569001,Make my village people con shake the ladder.....NEVERRRR,1748640999
DH0CoulO6WV,18041498339538287,ğŸ‘‘,1748639607
DH0CoulO6WV,18119772841414651,Baitha  wo hai gaand meri q fat rahi haiğŸ˜‚,1748639369
DH0CoulO6WV,18086241484648758,ØµØ±Øª Ø§Ø±Ø¬Ù Ù…Ù† Ø§Ù„Ø®ÙˆÙ,1748639319
DH0CoulO6WV,18083941534672100,chatttt are we doin dis ğŸ¤”ğŸ¤£,1748639217
DH0CoulO6WV,17859647832423516,Nope,1748638878
DH0CoulO6WV,18069180049949816,ğŸ’€ğŸ’€,1748638085
DH0CoulO6WV,17957949824948211,,1748636940
DH0CoulO6WV,18116607883469400,Big nope,1748636281
DH0CoulO6WV,18085172098604622,"Ğ¢Ğ°Ğº Ñ‚Ğ°Ğ¼ Ğ»ĞµÑĞµĞ½ĞºĞ° Ğ½ĞµĞ²Ñ‹ÑĞ¾ĞºĞ°Ñ Ğ½Ğ°Ğ´ Ğ·ĞµĞ¼Ğ»Ñ‘Ğ¹, ÑÑ‚Ğ¾ Ğ²ÑĞµ Ñ€Ğ°ĞºÑƒÑ€Ñ)",1748634983
DH0CoulO6WV,18226673437288079,ğŸ˜®ğŸ˜®ğŸ˜®,1748634573
DHvbc3cJ3vQ,18066534359003099,Na Person Send you ğŸ˜‚ğŸ¤£,1748675052
DHvbc3cJ3vQ,18128312791430312,ğŸ”¥ğŸ‘ğŸ‘,1748674921
DHvbc3cJ3vQ,17884731249280563,ğŸ˜‚ğŸ˜‚ğŸ˜‚ğŸ˜‚ğŸ˜‚ğŸ˜‚ğŸ˜‚,1748673527
DHvbc3cJ3vQ,17908198164152140,ğŸ¤£ğŸ¤£ğŸ¤£,1748672687
DHvbc3cJ3vQ,18087560065648732,ğŸ˜‚,1748671748
DHvbc3cJ3vQ,18045729068619808,,1748671422
DHvbc3cJ3vQ,18502260403023328,ğŸ¤£ğŸ¤£,1748671340
DHvbc3cJ3vQ,18076043794849538,ğŸ˜‚ğŸ˜‚ğŸ˜‚ğŸ˜‚,1748670630
DHvbc3cJ3vQ,18043944155228184,Bro come to Kerala â¤ï¸,1748670316
DHvbc3cJ3vQ,18367087099177383,I show speed respect button,1748669411
DHvbc3cJ3vQ,17890338165256963,ğŸ˜‚ğŸ˜‚ğŸ˜‚,1748669104
DHvbc3cJ3vQ,18317284336229983,I think You are Chris Tucker,1748668205
DHvbc3cJ3vQ,17864137227332391,ğŸ˜‚,1748666595
DHvbc3cJ3vQ,18065375513026139,ğŸ˜‚ğŸ˜‚ğŸ˜‚ğŸ˜‚,1748666503
DHvbc3cJ3vQ,18064945688100474,Ka re  speedwa ğŸ¤£,1748666501
DHvbc3cJ3vQ,18064231114886506,ğŸ¤£ğŸ¤£ğŸ¤£ğŸ¤£ğŸ¤£,1748666345
DHvbc3cJ3vQ,17930251139940343,Damn this nigga is crazy ğŸ¤ª ğŸ˜‚ğŸ˜‚ğŸ”¥,1748665190
DHvbc3cJ3vQ,18046339298173975,Weed ğŸ¤£ğŸ¤£ğŸ¤£,1748664215
DHvbc3cJ3vQ,18167214871343631,Kkkkkkkkkkkkkkkkkk meu pai do cÃ©u kkkkkkk ğŸ¦…ğŸ¤£ğŸ¤£ğŸ¤£ğŸ¤£,1748663315
DHvbc3cJ3vQ,17845252218494482,ğŸ¤£ğŸ¤£ğŸ¤£,1748659808
DHvbc3cJ3vQ,18111976027496218,ğŸ˜‚ğŸ˜­,1748658269
DHvbc3cJ3vQ,17875837179244518,ğŸ˜‚ğŸ˜‚ğŸ˜‚ğŸ˜‚,1748657955
DHvbc3cJ3vQ,18106593799507082,ğŸ˜‚ğŸ˜‚ğŸ˜‚ğŸ˜‚ğŸ˜‚ğŸ˜‚ğŸ˜‚ğŸ˜‚ğŸ˜‚ğŸ˜‚,1748657486
DHvbc3cJ3vQ,18328162906202017,,1748657250
DHvbc3cJ3vQ,18092991664591615,ğŸ¤£ğŸ’€â¤ï¸,1748657170
DHvbc3cJ3vQ,18066048011485766,Last one got me ğŸ˜‚ğŸ¤£,1748656641
DHvbc3cJ3vQ,18085992505632669,"Todayâ€™s subject, slavery /j",1748656634
DHvbc3cJ3vQ,18078896428662366,ğŸ¤£,1748655724
DHvbc3cJ3vQ,17911785828105668,,1748655372
DHvbc3cJ3vQ,17969029010898148,ğŸ‘ğŸ‘ğŸ‘,1748652370
DHa6-IVRtKQ,17955249611952425,ğŸ”¥,1748657178
DHa6-IVRtKQ,18047998589384411,U canâ€™t run from the comments,1748655240
DHa6-IVRtKQ,17929733193065465,Lowkey speed can actğŸ”¥ğŸ”¥,1748654376
DHa6-IVRtKQ,17949913487843307,,1748647835
DHa6-IVRtKQ,18393459934116911,Heâ€™s goofy Mr no prenup,1748645125
DHa6-IVRtKQ,18071889598746090,Name,1748630575
DHa6-IVRtKQ,18082419688707468,When KD donâ€™t like speed but speed makes more money than him ğŸ˜ğŸ˜ğŸ˜,1748630502
DHa6-IVRtKQ,18048894827578854,Dicks,1748625510
DHa6-IVRtKQ,18057515072465925,Of all brand names he had to do this one..,1748613759
DHa6-IVRtKQ,18108608710505650,#SpeedComeToIran,1748610338
DHa6-IVRtKQ,18056410808223728,"Speed, come to Uzbekistan",1748588360
DHa6-IVRtKQ,18065131433040354,I showmeat really working with them ğŸ’€,1748584492
DHa6-IVRtKQ,17907365502155177,Speed ğŸ”¥,1748577153
DHa6-IVRtKQ,18055040615042412,,1748572275
DHa6-IVRtKQ,18064897613107181,Falto CR7,1748557922
DHa6-IVRtKQ,17929039257054828,,1748549666
DHa6-IVRtKQ,18083352295665203,best condom ads,1748531714
DHa6-IVRtKQ,18015110672733800,ğŸ”¥ğŸ”¥ğŸ”¥,1748527364
DHa6-IVRtKQ,18059099869979565,How will I tell my parents I wants it chat?,1748513501
DHa6-IVRtKQ,17863908330333056,The girl was ğŸ’€ğŸ’€,1748459224
DHa6-IVRtKQ,18084826729678279,ğŸ”¥ğŸ”¥ğŸ”¥ğŸ”¥ğŸ”¥ğŸ”¥ğŸ”¥ğŸ”¥ğŸ”¥ğŸ”¥,1748453209
DHa6-IVRtKQ,18076862863886004,D...d..dick'sğŸ˜‚ğŸ˜‚ğŸ˜‚ğŸ˜‚ğŸ’€,1748453058
DHa6-IVRtKQ,18092656948610247,Please help,1748439335
DHa6-IVRtKQ,18032016869394123,W,1748429044
DHa6-IVRtKQ,18011078078727988,ğŸ”¥,1748421375
DHa6-IVRtKQ,18085695223657151,NAAA WHY DIDNT U MAKE HER SIGN THOSE DOCUMENTS!!!!! Bro watch,1748381626
DHa6-IVRtKQ,17869196646285098,"""only at dicks""ğŸ’”ğŸ˜­ğŸ˜­ğŸ˜­",1748375314
DHa6-IVRtKQ,18306788971213768,Imagine the talent bill on this ğŸ’€,1748369743
DFbV1pmSWgd,17852457999456201,You the goat iloveyou my boyâ¤ï¸,1748657190
DFbV1pmSWgd,18029282339668141,Bro tagged the wrong Messi ğŸ˜‚,1748642135
DFbV1pmSWgd,17955742826959446,ğŸ©,1748639104
DFbV1pmSWgd,18366457840177682,,1748639095
DFbV1pmSWgd,17886902448166660,Well ğŸ‰ well ğŸ— well ğŸ€,1748635924
DFbV1pmSWgd,17904199125178811,#SpeedComeToIran,1748610343
DFbV1pmSWgd,18310633282208206,"Come visit Iran ğŸ‡®ğŸ‡· bro!you like iran, Persian fans waiting ğŸ”¥â¤ï¸",1748609889
DFbV1pmSWgd,18049589648603143,Come to biratnagar Nepal plz ğŸ¥º,1748577230
DFbV1pmSWgd,18009491363744301,Speed ğŸ”¥,1748577148
DFbV1pmSWgd,18086708959633378,Brasil,1748556371
DFbV1pmSWgd,17845527354491852,Sal de ahÃ­ PanamÃ¡ esa no es tu familia,1748548278
DFbV1pmSWgd,17875747713345081,Ice-cream ğŸ’€ğŸ‘,1748499251
DFbV1pmSWgd,18049568954580813,Creep,1748495147
DFbV1pmSWgd,18072915316932929,Esse gosta de levar choque ğŸ˜‚,1748490862
DFbV1pmSWgd,17850383616467120,I loveğŸ‡®ğŸ‡·ğŸ‡®ğŸ‡·âœ…,1748490054
DFbV1pmSWgd,18358117573194989,come to SA,1748453884
DFbV1pmSWgd,17923904117965907,SPEED LET ME BEE UR 400th follower,1748453648
DFbV1pmSWgd,18065570333025808,Call me please ğŸ¥º,1748453487
DFbV1pmSWgd,18137420050406401,Wth are u eating ğŸ˜‚ğŸ˜‚ğŸ˜‚,1748450181
DFbV1pmSWgd,17896455327233139,5th photoğŸ˜­,1748437619
DFbV1pmSWgd,18083765239706747,ğŸ”¥,1748421380
DFbV1pmSWgd,18059075596973594,Not a person holding a Messi shirt,1748388130
DFbV1pmSWgd,18060608633111134,Check your DM family @ishowspeed,1748387153
DFbV1pmSWgd,18054556985036096,5ğŸ˜‚,1748349273
DFbV1pmSWgd,18041935916250272,Iâ€™ll die for you bro â¤ï¸,1748343716
DFbV1pmSWgd,18046404431387604,You created an amazing life nephew!ğŸ’¯ğŸ™ğŸ¾,1748234763
DFbV1pmSWgd,18089963308615427,ğŸ”¥ğŸ”¥ğŸ”¥,1748216967
DFbV1pmSWgd,17869325943374221,Yall need to skip RIGHT PASS pic 5 bro . Hit the ayo ğŸ¤šğŸ¾ğŸ¤šğŸ¾ğŸ¤šğŸ¾,1748196176
DFbV1pmSWgd,18086205154639820,bro's farming aura,1748190976
DFGadmTy3Jv,18269722390277349,I to ğŸ’€,1748675317
DFGadmTy3Jv,18056985842198294,Iâ€™m you uu meğŸ,1748657197
DFGadmTy3Jv,17886571251275783,Ronaldo comment god 5m likesğŸ˜²ğŸ˜²,1748639618
DFGadmTy3Jv,18030390278445126,SuuuuuuuuuğŸ,1748610620
DFGadmTy3Jv,18063821774028096,Ronaldo comment come to 4 million like ğŸ’€,1748593322
DFGadmTy3Jv,18128663950434799,SUIIIIIIIIIIIIIII,1748583288
DFGadmTy3Jv,18125154274450014,Speed ğŸ”¥,1748577144
DFGadmTy3Jv,18086234818647869,Bro look at the likesğŸ¤ªğŸ˜‚,1748576416
DFGadmTy3Jv,17866633110310482,,1748549384
DFGadmTy3Jv,18510671440056813,,1748549346
DFGadmTy3Jv,18060871463171202,"Happy belated birthday, bro. I forgot that we're same age but my birthday is April 19th",1748533547
DFGadmTy3Jv,18119161921461396,ğŸ’€ğŸ,1748532092
DFGadmTy3Jv,18125203777448261,WtfğŸ,1748528953
DFGadmTy3Jv,17896280175219740,3989062 comment in cristiano,1748525496
DFGadmTy3Jv,18044497304206677,How old were you when you realized that you can copy a comment by tapping it three times,1748524480
DFGadmTy3Jv,18069675023506829,Yo chat speed dnt sn bro he goat and xxx ğŸ’¯ never been a sn my life,1748518949
DFGadmTy3Jv,17854582032396421,ğŸ˜®ğŸ˜®,1748516654
DFGadmTy3Jv,18044582195208179,Now speed can d*e peacefully ğŸ’€ğŸ,1748498468
DFGadmTy3Jv,18142481938394922,comment is close to 4m ğŸ’€ğŸ CR7,1748489186
DFGadmTy3Jv,18165019951353701,,1748487375
DFGadmTy3Jv,18060648155168523,,1748487117
DFGadmTy3Jv,18071225827937474,,1748487116
DFGadmTy3Jv,18064943834082719,ğŸ,1748450950
DFGadmTy3Jv,17854077237446728,ğŸ’€,1748441169
DFGadmTy3Jv,18080407606816148,ğŸ‰,1748428761
DFGadmTy3Jv,17959580933943558,"Brother, you come to India and watch the final match of the RCB team in IPL and meet King Kohli",1748424890
DFGadmTy3Jv,18096040297568848,,1748392943
DDTqNeFREoL,18271135993278935,"Congrats @ishowspeed , love u bro",1748663607
DDTqNeFREoL,18082389256689725,Speedâ¤ï¸â¤ï¸â¤ï¸â¤ï¸â¤ï¸,1748657205
DDTqNeFREoL,18055389896034609,#SpeedComeToIran,1748610350
DDTqNeFREoL,18275635987258911,Speed ğŸ”¥,1748577139
DDTqNeFREoL,18061455094907633,My boy speed killing it on streamğŸ’¯ğŸ”¥,1748557624
DDTqNeFREoL,18384684355189030,ğŸ”¥ğŸ”¥,1748532642
DDTqNeFREoL,18064583567042660,ğŸ”¥,1748421384
DDTqNeFREoL,18054211178058638,Real Shii family check your DM brother,1748387271
DDTqNeFREoL,18090991894541107,@ishowspeed family please just check your dms you gone see a real grinder,1748387199
DDTqNeFREoL,18116314960470234,@christucker this ya son?,1748341186
DDTqNeFREoL,18163074409358065,2 Watch 2 differnt time ğŸ’€,1748316233
DDTqNeFREoL,17965529141877490,,1748076662
DDTqNeFREoL,17911197714121022,ğŸ‡ºğŸ‡¿ğŸ‡ºğŸ‡¿ğŸ‡ºğŸ‡¿,1748076651
DDTqNeFREoL,18050809184458346,ğŸ˜ğŸ˜ğŸ˜,1747895388
DDTqNeFREoL,17852425491450631,"Hello, I am just an ordinary German citizen, but I am not being supported or taken seriously by a system of the German government. In other words, the government does not take care of its citizens or is incapable of protecting them. Apparently, they are not in a position to do anything about it. If these conditions were officially made public, the government might lose control. But in the end, we are all human beings and have the right to ethical and fair treatment.
For years, I have been a victim of psychological violence through professionally organized methods. This includes targeted isolation as well as public and virtual surveillance, which is allegedly being traded on the dark webâ€”resembling a modern-day witch hunt. I want to make these abuses public, but no one supports me, or it seems as if it is not meant to be heard. Lawyers say they can't do anything, the police don't take it seriously and mock a citizen who is seeking help and protection, and courts refuse to even hear the case. It is hell. What Iâ€™m experiencing violates basic human rights and lacks any sense of ethics.
I also strongly suspect that my medical records have been falsified and now I have mysteries something that u can't cure anymore or I get a stroke or heartattk. That may sound strange, but I have experienced many suspicious situationsâ€”for example, I was nearly run over, and there have been many other incidents, including break-ins at my home, thefts from my living space, and being followed and photographed in public. So that i had to flee out of Germany.
I hope you will give me the opportunity to tell my storyâ€”before something happens to me, or I suddenly disappear or become untraceable after trying to go public with this.",1747851860
DDTqNeFREoL,17922687432085050,"Congratulations, man!â¤ï¸",1747743476
DDTqNeFREoL,18039378929555019,Speed,1747324897
DDTqNeFREoL,17936244777010764,Whaaaat this is two who give who give tell broo,1747234688
DDTqNeFREoL,18145980541376043,Baby boy is grown up now!! @cristiano â¤ï¸â¤ï¸,1747229757
DDTqNeFREoL,18084132484726272,Uzbekistam,1747208330
DDTqNeFREoL,18055762148190053,Highly deserved,1747177662
DBr2GT5SGZ0,18047538755158547,,1748662951
DBr2GT5SGZ0,18013330730550646,,1748662949
DBr2GT5SGZ0,18044249513537556,ğŸ™ŒğŸ”¥,1748657227
DBr2GT5SGZ0,18080157691840959,"â€œIf youâ€™re reading this, follow me for good vibes ğŸ”¥ğŸ’¯â€",1748588061
DBr2GT5SGZ0,17854690746395533,STOP MY JAW DROPPED WHEN I SAW YAMAL ğŸ™ğŸ”¥,1748580460
DBr2GT5SGZ0,18070156102784388,Speed ğŸ”¥,1748577135
DBr2GT5SGZ0,18084881926676371,â¤ï¸â¤ï¸â¤ï¸ğŸ˜ğŸ˜ğŸ”¥ğŸ”¥ğŸ”¥,1748547308
DBr2GT5SGZ0,17843311521492714,Speed I seen you on my account I watched I watch this video and I searched it up and I can't believe my etching actually see me you're actually kind of cute and hot but I don't know,1748547295
DBr2GT5SGZ0,17958638213938741,,1748461633
DBr2GT5SGZ0,18067613548965037,,1748455434
DBr2GT5SGZ0,18010614449566295,Pick me up,1748452865
DBr2GT5SGZ0,18087424741564142,"Brother, you come to India and watch the final match of the RCB team in IPL and meet King Kohli",1748424876
DBr2GT5SGZ0,18065577712866324,ğŸ”¥,1748421390
DBr2GT5SGZ0,17976677162849124,Why does shoes,1748326599
DBr2GT5SGZ0,18292270414218456,,1748076683
DBr2GT5SGZ0,18082290343682375,â¤ï¸,1747900901
DBr2GT5SGZ0,18081970231686394,ğŸ˜ğŸ˜ğŸ˜,1747895392
DBr2GT5SGZ0,18057029318223408,@lizaaa_1.7,1747895061
DBr2GT5SGZ0,18046017209396788,ğŸ‡ºğŸ‡¿ğŸ‡ºğŸ‡¿ğŸ‡ºğŸ‡¿ğŸ‡ºğŸ‡¿,1747805335
DBr2GT5SGZ0,18041679374269455,ğŸ‡ºğŸ‡¿ğŸ‡ºğŸ‡¿ğŸ‡ºğŸ‡¿ğŸ‡ºğŸ‡¿ğŸ‡ºğŸ‡¿ğŸ‡ºğŸ‡¿ğŸ‡ºğŸ‡¿,1747805330
DBr2GT5SGZ0,18058571078219879,,1747804016
DBr2GT5SGZ0,18043083623552163,Speeed change this shoes plsss,1747759209
DBr2GT5SGZ0,18060254966128493,Can people support me by followin plissssğŸ˜­,1747735507
DBr2GT5SGZ0,18055696673225235,Sarkari school ke farewell ka baccha lagra hai,1747679000
DBr2GT5SGZ0,18079569445755093,"â€¦â€¦.
â€¦â€¦â€¦â€¦â€¦â€¦.",1747659412
DBr2GT5SGZ0,18066847184487039,ğŸ¤ŒğŸ¤ŒğŸ¤ŒğŸ¤ŒğŸ¤ŒğŸ¤ŒğŸ¤ŒğŸ¤ŒğŸ¤ŒğŸ¤Œ,1747556088
DAVtORfPHxN,18066887066084151,Bro I just love youğŸ’¯ğŸ”¥,1748657244
DAVtORfPHxN,17958496028943600,What's wrong with the shoes? ğŸ˜‚ğŸ˜‚,1748637429
DAVtORfPHxN,18083914771664347,#SpeedComeToIran,1748610363
DAVtORfPHxN,17872310760361660,"Come visit Iran ğŸ‡®ğŸ‡· bro!you like iran, Persian fans waiting ğŸ”¥â¤ï¸",1748609902
DAVtORfPHxN,18047477258395685,"â€œIf youâ€™re reading this, follow me for good vibes ğŸ”¥ğŸ’¯â€",1748588071
DAVtORfPHxN,17897327700217646,Speed ğŸ”¥,1748577130
DAVtORfPHxN,18080559199692945,The 9th photo ğŸ˜‚..you look like my grand ma,1748507194
DAVtORfPHxN,18509796004015833,MeowÂ²,1748431761
DAVtORfPHxN,18055826933463755,ğŸ”¥,1748421395
DAVtORfPHxN,18100934086529450,l banglades,1748240413
DAVtORfPHxN,18384145054143529,speding ruuuuuuuuuuuuuuuuuuuuaauauauuaauuuaauuauauaauauauauauauauuauauuyyl hnldggenglegnlengndlnlsfhdkdkgjldgjgldjgrpjglrgjgejlgjelggjlegjjlrhhjlrgjroth,1748177386
DAVtORfPHxN,18064334510475773,,1748076694
DAVtORfPHxN,18060403864932272,santai santai,1747918329
DAVtORfPHxN,18085358407731987,ğŸ˜ğŸ˜ğŸ˜ğŸ˜,1747895397
DAVtORfPHxN,18209443327306239,Santai..,1747794593
DAVtORfPHxN,17912049567102668,Mantap,1747763938
DAVtORfPHxN,17934140163015687,You donâ€™t go to Lao  do you know  you have FC in Laos  especially me,1747757585
DAVtORfPHxN,18023212376498003,kelem we speed enjoy,1747721632
DAVtORfPHxN,18227199760290148,"Awas awas, Minggir lu miskinğŸ˜‚",1747719265
DAVtORfPHxN,18504374074038415,Slide ke 9 : MONGGOâ¤ï¸â¤ï¸,1747670187
DAVtORfPHxN,18066439694301820,salam bahagia sehat selalu dari Jogjakarta brotherğŸ‡®ğŸ‡©ğŸ‡®ğŸ‡©â¤ï¸â¤ï¸,1747670097
DAVtORfPHxN,17915691728999581,Santai santaiğŸ”¥,1747645168
DAVtORfPHxN,18505899445039907,Minggir lu miskin ğŸ˜‚,1747609331
DAVtORfPHxN,17844008487488974,ğŸ‡°ğŸ‡¿?????,1747588143
DAVtORfPHxN,18044621447408354,namiğŸ˜,1747573042
DAVtORfPHxN,18355837147151472,Vietnammmmmmm,1747555637
C-OTzaqRJQM,18061248967902627,,1748671049
C-OTzaqRJQM,18512248168021514,,1748660575
C-OTzaqRJQM,18343205917091105,Donâ€™t do ts again uu my goatâ¤ï¸â¤ï¸,1748657258
C-OTzaqRJQM,17845364028493330,,1748651947
C-OTzaqRJQM,18069244468980502,ğŸ”¥,1748641190
C-OTzaqRJQM,17905303119173205,Was this boy just shaking his ass before he jumpedğŸ˜‚ğŸ˜‚ğŸ˜‚ğŸ˜‚,1748638609
C-OTzaqRJQM,18044651990631294,,1748637909
C-OTzaqRJQM,18082507663690972,ğŸ”¥,1748629374
C-OTzaqRJQM,18042015122558675,"DacÄƒ eÈ™ti asa bun, sari peste 1 camion!!! ğŸ”¥",1748619853
C-OTzaqRJQM,18031059002416532,"ğŸŒ… A New Morning, A New Mission â€” Will You Walk This Road With Us?

Every sunrise reminds me why I keep going: three bright, beautiful children depending on meâ€”not just to survive, but to build a future worth believing in.

This isnâ€™t just a fundraiser.
This is a familyâ€™s turning point.
This is a story of faith over fear, purpose over pain, and resilience over every obstacle.

As a full-time father, college student, and provider, Iâ€™m pushing through one of the hardest seasons of my life with everything Iâ€™ve got. My dream? To build stability, success, and generational strengthâ€”not just for today, but for the legacy I leave my children.

If youâ€™ve ever believed in second chancesâ€¦
If youâ€™ve ever felt called to be the difference in someoneâ€™s lifeâ€¦
If youâ€™ve ever said, â€œI wish I could help someone whoâ€™s truly tryingâ€â€”

This is that moment.
This is your invitation.

ğŸ™ Visit our GoFundMe page.
ğŸ“– Read our story.
ğŸ’¬ Leave a word.
ğŸ¤ Share it with someone who cares.
â¤ï¸ And if you feel led to giveâ€”weâ€™re beyond grateful.

Together, we can turn this uphill journey into a testimony of triumph.

Will you be part of our breakthrough today? https://gofund.me/fdbcee4a",1748612010
C-OTzaqRJQM,18020127410707801,#SpeedComeToIran,1748610373
C-OTzaqRJQM,17856600198434311,you have big biche,1748610197
C-OTzaqRJQM,17933871323916716,"â€œIf youâ€™re reading this, follow me for good vibes ğŸ”¥ğŸ’¯â€",1748588078
C-OTzaqRJQM,18504510406012106,Speed ğŸ”¥,1748577125
C-OTzaqRJQM,18327682726160159,,1748546958
C-OTzaqRJQM,18037501328635834,Did he really do it ?,1748542066
C-OTzaqRJQM,17976714551716357,ğŸ‘ğŸ‘ğŸ‘ğŸ‘,1748537181
C-OTzaqRJQM,18193538455309388,"People want to say how women live longer than men, just watch this video you will know ğŸ˜‚",1748536854
C-OTzaqRJQM,18041697338555041,POV : when you drink a prime ishowspeed flavor. ğŸ˜‚ğŸ˜‚ğŸ˜‚,1748522994
C-OTzaqRJQM,18267035164278995,,1748514314
C-OTzaqRJQM,18052110482078371,What a gyattğŸ‘ğŸ”¥,1748503763
C-OTzaqRJQM,18512985316059536,ğŸ˜‚ğŸ”¥,1748497690
C-OTzaqRJQM,17866544451308156,ğŸ”¥ğŸ”¥ğŸ”¥,1748488712
C-OTzaqRJQM,18044236838217206,,1748483230
C-OTzaqRJQM,18065922839080594,,1748467146
C-OTzaqRJQM,18272306509283844,,1748454610
C-OTzaqRJQM,17849261748470703,ğŸ˜³ğŸ˜³ğŸ˜³ğŸ˜³,1748454192
C-OTzaqRJQM,18115212646480164,This mafukker is isnaneğŸ˜‚ğŸ”¥,1748448184
C-OTzaqRJQM,18291631111148158,,1748435667
C-OTzaqRJQM,17933315070046359,ğŸ”¥,1748421400
C92oHF_x5Ji,18031785341653838,Dayum,1748664781
C92oHF_x5Ji,18085135162733875,BroğŸ”¥â¤ï¸,1748657266
C92oHF_x5Ji,17883259443296950,ğŸ”¥,1748646608
C92oHF_x5Ji,18363432742178232,ğŸ”¥,1748641234
C92oHF_x5Ji,17845342383493463,ğŸ”¥ğŸ”¥ğŸ”¥ğŸ”¥,1748626748
C92oHF_x5Ji,17856532038438595,Bro We have so many official publics n is sn shading us,1748623894
C92oHF_x5Ji,18039927251305852,Yo chat you know Real N talk there sh I'm not duck the other edit I'll box him out he a hate and b I never sn and never been b my life I been ğŸ’¯,1748623610
C92oHF_x5Ji,18139027573398171,"Era periculos ce ai fÄƒcut dumneata, bossule!!! Copii, nu Ã®ncercaÈ›i asa ceva acasÄƒ!!!",1748619820
C92oHF_x5Ji,18068755865054668,#SpeedComeToIran,1748610392
C92oHF_x5Ji,18010567964727476,"â€œIf youâ€™re reading this, follow me for good vibes ğŸ”¥ğŸ’¯â€",1748588088
C92oHF_x5Ji,17966027804864867,Speed ğŸ”¥,1748577118
C92oHF_x5Ji,18046150007183993,Only in first gear..,1748571967
C92oHF_x5Ji,18003737321609208,,1748546849
C92oHF_x5Ji,18136573405409034,thats fucking crazy,1748533280
C92oHF_x5Ji,17861005110420413,,1748514352
C92oHF_x5Ji,18461166757076917,Everyone almost knows about me and the whole chat knows most ğŸ’¯ my country and almost everyone Love some Hate I'm Speed gang YB For`eign,1748485463
C92oHF_x5Ji,17849844234433847,The Driver was like 'Damn I had him 'ğŸ’€,1748423525
C92oHF_x5Ji,18055216715209819,ğŸ”¥,1748421423
C92oHF_x5Ji,18053952926353432,ğŸ’ªğŸ”¥ğŸ”¥ğŸ”¥ğŸ”¥ğŸ”¥ğŸ”¥,1748265130
C92oHF_x5Ji,17966488895913685,GOT HOPS ğŸ˜³,1748232004
C92oHF_x5Ji,18463661761072063,Looks real to me ğŸ’€ğŸ˜‚ğŸ˜‚,1748230585
C92oHF_x5Ji,18099722659551848,ğŸ˜®ğŸ‘ğŸ‘ğŸ™ŒğŸ™Œâ¤ï¸ğŸ”¥ğŸ”¥,1748163087
C92oHF_x5Ji,18055713515224051,ğŸ˜®,1748142720
C92oHF_x5Ji,17900371461198737,all cool until a bunch of middle schoolers try it and then youâ€™re cooked,1748128615
C92oHF_x5Ji,18056220521215518,ğŸ‘,1748099876
C92oHF_x5Ji,18188643013314260,ğŸ˜‚,1748095963
C92oHF_x5Ji,18080667475691960,So fucking stupidğŸ™„ğŸ¤¦ğŸ½â€â™€ï¸,1748030026
C92oHF_x5Ji,18484029211070658,Bro we look so good chat and looking better like Goku and Vegeta,1747985735
C9srD5pxlIo,18326400979206428,ğŸ‡´ğŸ‡±ğŸ‡¼ğŸ‡«ğŸ‡¼ğŸ‡«ğŸ‡¼ğŸ‡«ğŸ‡«ğŸ‡±,1748657282
C9srD5pxlIo,18051072290373286,Pops,1748657273
C9srD5pxlIo,18137657116408908,#SpeedComeToIran,1748610397
C9srD5pxlIo,18502068598011187,"Come visit Iran ğŸ‡®ğŸ‡· bro!you like iran, Persian fans waiting ğŸ”¥â¤ï¸",1748609918
C9srD5pxlIo,18043806338215293,ğŸ‡« ğŸ‡´ ğŸ‡± ğŸ‡± ğŸ‡´ ğŸ‡¼ ğŸ˜‚,1748598878
C9srD5pxlIo,18032159048390718,ğŸ‡¸ğŸ‡ª,1748587193
C9srD5pxlIo,18080294224761181,Speed ğŸ”¥,1748577114
C9srD5pxlIo,18093634972608699,ğŸ‡«ğŸ‡¼ğŸ‡´ğŸ‡±ğŸ‡´ğŸ‡±,1748454138
C9srD5pxlIo,17931702629932623,YESSSIRRRğŸ‡¦ğŸ‡±,1748452170
C9srD5pxlIo,18276313339259378,ğŸ‡µğŸ‡¹ğŸ‡¹ğŸ‡¯ğŸ‡¹ğŸ‡¯ğŸ‡¹ğŸ‡¯ğŸ‡¹ğŸ‡¯ğŸ‡¹ğŸ‡¯ğŸ‡¹ğŸ‡¯,1748421721
C9srD5pxlIo,17864104509403221,ğŸ˜®,1748421453
C9srD5pxlIo,17908715784148428,ğŸ‡« ğŸ‡´ ğŸ‡± ğŸ‡± ğŸ‡´ ğŸ‡¼ me pleaseğŸ˜¢ ğŸ‡« ğŸ‡´ ğŸ‡± ğŸ‡± ğŸ‡´ ğŸ‡¼ me pleaseğŸ˜¢ ğŸ‡« ğŸ‡´ ğŸ‡± ğŸ‡± ğŸ‡´ ğŸ‡¼ me pleaseğŸ˜¢ ğŸ‡« ğŸ‡´ ğŸ‡± ğŸ‡± ğŸ‡´ ğŸ‡¼ me pleaseğŸ˜¢ ğŸ‡« ğŸ‡´ ğŸ‡± ğŸ‡± ğŸ‡´ ğŸ‡¼ me pleaseğŸ˜¢,1748408873
C9srD5pxlIo,17964920708916584,ğŸ‡« ğŸ‡´ ğŸ‡± ğŸ‡± ğŸ‡´ ğŸ‡¼ me pleaseğŸ˜¢ ğŸ‡« ğŸ‡´ ğŸ‡± ğŸ‡± ğŸ‡´ ğŸ‡¼ me pleaseğŸ˜¢ ğŸ‡« ğŸ‡´ ğŸ‡± ğŸ‡± ğŸ‡´ ğŸ‡¼ me pleaseğŸ˜¢ ğŸ‡« ğŸ‡´ ğŸ‡± ğŸ‡± ğŸ‡´ ğŸ‡¼ me pleaseğŸ˜¢,1748408866
C9DuRkBxA5P,17871260535366232,ğŸ”¥ğŸ”¥ğŸ”¥,1748657288
C9DuRkBxA5P,18500012638061692,Sorry speed,1748610736
C9DuRkBxA5P,18048712154140692,#SpeedComeToIran,1748610404
C9DuRkBxA5P,18031775462404969,Tomato Catchup,1748609110
C9DuRkBxA5P,17956296428801865,Speed ğŸ”¥,1748577108
C9DuRkBxA5P,18067466078019374,â¤ï¸â¤ï¸â¤ï¸,1748555663
C9DuRkBxA5P,18072031195916356,,1748455593
C9DuRkBxA5P,18031336460406687,ğŸ”¥,1748421459
C9DuRkBxA5P,18066269723498714,You okay what happened to you ğŸ˜­ğŸ˜­ğŸ˜­ğŸ˜­ğŸ˜­ğŸ˜­ğŸ˜­ğŸ˜­ğŸ˜­ğŸ˜­ğŸ˜­,1748309298
C9DuRkBxA5P,18272339944278676,ğŸ˜¢ğŸ˜¢ğŸ˜¢ğŸ˜¢ğŸ˜¢,1748245936
C9DuRkBxA5P,17976957368710752,Feel better soon â¤ï¸,1748231153
C9DuRkBxA5P,18056025518211375,What happened to you,1748225471
C9DuRkBxA5P,17956870157951726,ğŸ˜¢ really,1748142232
C9DuRkBxA5P,17913191406101164,â¤ï¸â¤ï¸â¤ï¸â¤ï¸ğŸ”¥ğŸ”¥ğŸ”¥ğŸ”¥ğŸ”¥ğŸ”¥,1747965853
C9DuRkBxA5P,18330149365205563,But what happened to yo finger and nose,1747955749
C9DuRkBxA5P,17897134266098800,ğŸ˜¢ğŸ˜¢,1747895440
C9DuRkBxA5P,18060210920513807,,1747888347
C9DuRkBxA5P,18484669282066577,ğŸ˜¢ğŸ”¥ğŸ”¥ğŸ”¥ğŸ”¥ğŸ”¥ğŸ”¥ğŸ”¥ğŸ”¥ğŸ”¥,1747769310
C9DuRkBxA5P,18004433279782138,ğŸ˜¢ğŸ˜¢ğŸ˜¢ğŸ”¥we are supporting you ğŸ”¥ğŸ”¥,1747582157
C9DuRkBxA5P,18063555505879841,OÊ»zbekiston,1747482105
C9DuRkBxA5P,17863479396394297,what happened???? ğŸ˜­ğŸ˜­ğŸ˜­â™¥ï¸â™¥ï¸â™¥ï¸,1747468886
C9DuRkBxA5P,18273820636281288,Hey plz,1747462530
C9DuRkBxA5P,17915240282997459,ğŸ˜¢ what  happened,1747343800
C7sFdO5xU0y,18501620647007768,ğŸ‘ğŸ‘ğŸ‘,1748657292
C7sFdO5xU0y,18053108714585132,ğŸ§‘ğŸ¾â€ğŸ¦±ğŸ§‘ğŸ¾â€ğŸ¦±ğŸ§‘ğŸ¾â€ğŸ¦±ğŸ§‘ğŸ¾â€ğŸ¦±ğŸ§‘ğŸ¾â€ğŸ¦±â€¦..ğŸ‘±ğŸ»â€â™€ï¸?,1748639614
C7sFdO5xU0y,18385023799138645,ğŸ”¥ğŸ”¥ğŸ”¥ğŸ”¥ğŸ”¥,1748610765
C7sFdO5xU0y,18066902132064812,#SpeedComeToIran,1748610409
C7sFdO5xU0y,18095263138601656,Speed ğŸ”¥,1748577103
C7sFdO5xU0y,17886784677164412,ğŸ”¥,1748421463
C7sFdO5xU0y,18166170037341886,FamğŸ™ŒğŸ™ŒğŸ™Œ,1748116480
C7sFdO5xU0y,18067482287066805,ğŸ”¥,1748059929
C7sFdO5xU0y,17919364938093113,Vska barsa â¤ï¸,1747968993
C7sFdO5xU0y,18273834172256473,,1747968248
C7sFdO5xU0y,18044395382617916,ğŸ™ŒğŸ”¥,1747965968
C7sFdO5xU0y,18066840074476387,Kala MadridğŸ˜‚,1747692224
C7sFdO5xU0y,17868407844287837,Kalua gang ğŸ”¥,1747652488
C7sFdO5xU0y,18040246109284402,Hey plz speed plz plz plz plz bro,1747462559
C7sFdO5xU0y,18065971423831753,Why speed looks like marcelo here,1747227627
C7sFdO5xU0y,17932138817924765,,1747070139
C7sFdO5xU0y,18326013952202774,VamosğŸ™Œ,1747058327
C7sFdO5xU0y,18095755594561506,ğŸ‘ğŸ‘ğŸ‘,1746972738
C7sFdO5xU0y,18074755180881681,Bro come ro kerala,1746825389
C7sFdO5xU0y,18059272700169248,"DAAMMM, I freaking LOVE this freaky song ğŸ˜ğŸ˜ğŸ˜‚ğŸ˜‚ğŸ˜‚",1746824886
C7sFdO5xU0y,18074657863848369,Hala madrid â¤ï¸ğŸ™Œ,1746559118
C7Z-kL4xGj9,18065398873869845,ğŸ”¥ğŸ”¥,1748657297
C7Z-kL4xGj9,17914003830101851,ğŸ™Œ,1748647469
C7Z-kL4xGj9,18031623968407372,Cool,1748610791
C7Z-kL4xGj9,17954143319957571,#SpeedComeToIran,1748610419
C7Z-kL4xGj9,17970737822747137,"Come visit Iran ğŸ‡®ğŸ‡· bro!you like iran, Persian fans waiting ğŸ”¥â¤ï¸",1748610417
C7Z-kL4xGj9,18076538422850781,Speed ğŸ”¥,1748577097
C7Z-kL4xGj9,18043915325240680,Hi speed your favorite club is fucking god,1748495091
C7Z-kL4xGj9,17991074609655771,ğŸ”¥,1748421470
C7Z-kL4xGj9,17893268127122724,always been ğŸ’¯ chat knows he keeps lieing on my name and he sn in God chat I'm making cool sh too on god getting better they like who I am I have so many fans Hmu my lil bro got more clout than us and we made history,1748271880
C7Z-kL4xGj9,18355504729199081,Yo chat appreciate everyone and all love on god mad fans Hmu nonstop all we need is to make one cool edit to meet speed but the one with 1K subs and millions of veiws keeps hating on us and saying sn saying he's slowing us on god,1748271875
C7Z-kL4xGj9,18027393494475671,ğŸ˜ğŸ”¥ğŸ˜,1747895453
C7Z-kL4xGj9,18367648420130154,Spurs 1-0 Manchester United,1747867866
C7Z-kL4xGj9,18182845144317214,jari litmanen is better than ronaldo a'im sorry speedğŸ‘,1747751053
C7Z-kL4xGj9,18025677662488918,Garnacho Is a friend speed,1747545792
C7E0Q9yykqx,18044035625567651,ğŸ”¥ğŸ”¥ğŸ”¥,1748657300
C7E0Q9yykqx,18312044620232280,#SpeedComeToIran,1748610426
C7E0Q9yykqx,18057074939464472,"Come visit Iran ğŸ‡®ğŸ‡· bro!you like iran, Persian fans waiting ğŸ”¥â¤ï¸",1748609928
C7E0Q9yykqx,17866934700391448,Speed ğŸ”¥,1748577092
C7E0Q9yykqx,18078070255866604,Bro t shirt link send me plss ğŸ™ğŸ™ğŸ™,1748524566
C7E0Q9yykqx,18326669356204156,ğŸ”¥,1748421475
C7E0Q9yykqx,18049328609112769,Hello cal me please my number UZBEKISTAN ğŸ‡ºğŸ‡¿ I will wait for you,1748264280
C7E0Q9yykqx,18307843609239126,ğŸ˜ğŸ˜,1747895457
C7E0Q9yykqx,18518357302033033,Son shirt??? COYS!,1747867901
C7E0Q9yykqx,18077427034867941,ë¯¸ì¹œ ì‚¬ë‘ ëª¨ë‘ì™€ í•œêµ­,1747832680
C7E0Q9yykqx,17961842261781574,Hi sir please,1747498878
C7E0Q9yykqx,18280659766270789,Suiiiiiiiiii Necklace ğŸ”¥ğŸ”¥,1747353258
C7E0Q9yykqx,18046232831394025,UnitedğŸ”¥ğŸ‘¹,1747305426
C7E0Q9yykqx,18022817048650894,I'm not him but bro I'm excited af to chill we Turning up chat you know ğŸ”Ÿ Solid,1747260142
C7E0Q9yykqx,18067454792486669,â¤ï¸â¤ï¸â¤ï¸â¤ï¸,1746972749
C7E0Q9yykqx,17902749705172244,The dog in the last photo is soo damm beatiful bruh ğŸ˜ğŸ˜,1746824957
C7E0Q9yykqx,18032381447361483,Helpeveryone bro your magic aim like tatağŸ™ğŸ™ğŸ—¿ğŸ—¿,1746799196
C7E0Q9yykqx,18144902350378226,"first slide, how tf is that possible",1746361771
C7E0Q9yykqx,18029961971392185,One piece with speed ğŸ‘ğŸ‘,1746285813
C5i_sEmLBOZ,18117032890470648,ğŸ‘ğŸ”¥ğŸ”¥,1748657305
C5i_sEmLBOZ,17893200744250604,#SpeedComeToIran,1748610433
C5i_sEmLBOZ,17949943250968457,Speed ğŸ”¥,1748577088
C5i_sEmLBOZ,18225442978288343,L,1748366681
C5i_sEmLBOZ,18068656696821091,ğŸ“ˆ,1748216853
C5i_sEmLBOZ,18069704264506986,LIZARDMENTALITY.,1748145396
C5i_sEmLBOZ,17945821937995329,May Allah guide you.â¤ï¸â¤ï¸â¤ï¸â¤ï¸â¤ï¸â¤ï¸â¤ï¸â¤ï¸,1748065327
C5i_sEmLBOZ,18514500853053848,Nono,1747900774
C5i_sEmLBOZ,18079886098805803,ğŸ™Œâ¤ï¸,1747895462
C5i_sEmLBOZ,17907491949141697,"If youâ€™re into smart drinking and fun facts, hit follow @alcoholguru365 â€” more tasty posts coming your way!",1747740805
C5i_sEmLBOZ,18063363104516874,Minimizing,1747612889
C5i_sEmLBOZ,17958197999793457,Future,1747167067
C5i_sEmLBOZ,18406328473102468,Yuppp,1746972755
C5i_sEmLBOZ,18310256968239841,Speed in 1Â° photo : SIUUU pose,1746824996
C5i_sEmLBOZ,18041747192222326,SUUUUIIII,1746302333
C5i_sEmLBOZ,17968779068745817,Woof,1746272649
C5i_sEmLBOZ,18116618911461825,ğŸ”¥â¤ï¸,1746235684
C5e3y1WNcL1,17982876737692161,ğŸ”¥ğŸ”¥ğŸ”¥,1748657309
C5e3y1WNcL1,18086107114596077,ğŸ˜‚ğŸ˜‚ğŸ˜‚,1748651744
C5e3y1WNcL1,17897441142218940,sewey,1748638197
C5e3y1WNcL1,17950169351987755,ğŸ˜‚ğŸ˜‚ğŸ˜‚,1748637729
C5e3y1WNcL1,18006978434756645,ğŸ˜‚ğŸ˜‚ğŸ˜‚ğŸ˜‚,1748633304
C5e3y1WNcL1,18063359855082490,I wanted to be a wrestler so bad & I told my parents; they managed to crash my dreams but speed really did it for me. ğŸ‘ğŸ‘â¤ï¸,1748628483
C5e3y1WNcL1,17865190875401950,â¤ï¸â¤ï¸â¤ï¸,1748628412
C5e3y1WNcL1,18077074942804290,#SpeedComeToIran,1748610441
C5e3y1WNcL1,17957194805951542,Speed ğŸ”¥,1748577083
C5e3y1WNcL1,18182559439317594,ğŸ˜‚ğŸ˜‚ğŸ˜‚ğŸ˜‚ğŸ˜‚,1748556107
C5e3y1WNcL1,18394248136114501,ğŸ˜‚ğŸ˜‚,1748514562
C5e3y1WNcL1,18082683313683409,ğŸ˜‚ğŸ˜‚ğŸ˜‚ğŸ˜‚,1748513537
C5e3y1WNcL1,18123541633452529,ğŸ˜‚ğŸ˜‚ğŸ˜‚,1748492005
C5e3y1WNcL1,17858357160375649,ğŸ˜‚ğŸ˜‚ğŸ˜‚ğŸ˜‚ğŸ˜‚,1748464269
C5e3y1WNcL1,18031377881658357,ğŸ˜‚ğŸ˜‚ğŸ˜‚ğŸ˜‚,1748439627
C5e3y1WNcL1,18071708291306325,ğŸ˜‚ğŸ˜‚,1748424439
C5e3y1WNcL1,18293593858219562,ğŸ˜‚ğŸ˜‚ğŸ˜‚ğŸ˜‚ğŸ˜‚,1748403348
C5e3y1WNcL1,18063082334128429,The dog is deadğŸ˜‚,1748349324
C5e3y1WNcL1,18372094813134135,ğŸ˜‚ğŸ˜‚ğŸ˜‚,1748317290
C5e3y1WNcL1,18083246839739158,Knowledge 0%confidence1000...%ğŸ˜‚ğŸ˜‚ğŸ˜‚,1748275668
C5e3y1WNcL1,17968577300903668,312M view's ğŸ™Œâ¤ï¸,1748246717
C5e3y1WNcL1,17847808137475894,ğŸ˜‚ğŸ˜‚ğŸ˜‚ğŸ˜‚ğŸ˜‚ğŸ˜‚ğŸ˜‚ğŸ˜‚ğŸ˜®ğŸ˜®,1748245994
C5e3y1WNcL1,18370109728134385,,1748220813
C5e3y1WNcL1,18077305105851317,ğŸ˜®ğŸ˜®,1748183037
C5JP3K3uIvp,18182578516319450,I still listen to world cup,1748617810
C5JP3K3uIvp,17889731643142318,Cr7 on top chat,1748610866
C5JP3K3uIvp,17900387568210922,"Come visit Iran ğŸ‡®ğŸ‡· bro!you like iran, Persian fans waiting ğŸ”¥â¤ï¸",1748609935
C5JP3K3uIvp,18305405674245653,Speed ğŸ”¥,1748577077
C5JP3K3uIvp,18011022182750909,Siuuu7,1748505962
C5JP3K3uIvp,18404167225109882,ğŸ™ŒğŸ”¥ğŸ”¥,1748178966
C5JP3K3uIvp,17961477224921652,CR7!!!!!!,1748146744
C5JP3K3uIvp,17867076900389341,wow ronaldo sÄ±uuuuuğŸ˜ğŸ˜ğŸ’¯ğŸ’¯â¤ï¸â¤ï¸,1748095986
C5JP3K3uIvp,18053780744358701,May Allah guide you.,1748065334
C5JP3K3uIvp,18054560360257103,â¤ï¸â¤ï¸â¤ï¸â¤ï¸,1748059563
C5JP3K3uIvp,18002257178786422,@cristiano ğŸ˜,1747956244
C5JP3K3uIvp,17930137326026638,WHO Is gonna Tell him,1747902910
C5JP3K3uIvp,18077503306889868,â¤ï¸â¤ï¸,1747895484
C5JP3K3uIvp,17969561090886286,ğŸ‘‹ğŸ¾,1747670187
C5JP3K3uIvp,18408001030100567,Speedy lol you live it Miami FL ğŸ¤©ğŸ’ªğŸ¾,1747670182
C5JP3K3uIvp,18039204380300253,@yesi_gonzalez07,1747525348
C5JP3K3uIvp,18065273345022226,Please come again in India,1747509214
C5JP3K3uIvp,18359785891182954,Speed is just the greatest ğŸ™ğŸ’¯,1747469005
C5JP3K3uIvp,18057063491464880,"Hey man, Iâ€™m a nobodyâ€¦ but if you somehow have time to talk Iâ€™d appreciate it. Going through some really rough time mentally, and getting to talk to one of my favorite streamers/creators would really brighten up my mood. All love man.",1747462728
C5JP3K3uIvp,18044334434194746,No speed,1747365026
C5JP3K3uIvp,18500588545011823,@bankofseanmichael adolescent Trillionaire in America Latina,1747303432
C5JP3K3uIvp,18164545912345711,Sean Michel Running ğŸƒğŸ¼â€â™‚ï¸ quiere hacer oferta billionaire desde los @bankofrunning para hacer nuevo videojuego y pelÃ­cula ğŸ¥ y para inicial producciÃ³n de dispositivos electrÃ³nicos producto de comida bebida ropa ğŸ§¥ con @ishowspeed utilizando cada uno de los icono y nombre de Sean michael run ğŸƒğŸ¼â€â™‚ï¸ ovni ğŸ›¸ school of shooting gangster,1747303421
C5JP3K3uIvp,18064229776871838,at 19 years old such a car ğŸ˜ğŸ”¥,1747248073
C5JP3K3uIvp,18460381813074785,Sssuuuiiiiiiiiiiiâ¤ï¸ğŸ”¥,1747208235
C17VvlouXbs,18024377414696991,,1748659252
C17VvlouXbs,18373700296135449,Siuuuuuuuuuuuuu. â¤ï¸ğŸ‘ğŸ”¥,1748647642
C17VvlouXbs,17894400762246457,#SpeedComeToIran,1748610461
C17VvlouXbs,18077831365875132,"Come visit Iran ğŸ‡®ğŸ‡· bro!you like iran, Persian fans waiting ğŸ”¥â¤ï¸",1748609966
C17VvlouXbs,18044822861233705,Speed ğŸ”¥,1748577072
C17VvlouXbs,17902934937068349,May Allah guide you.â¤ï¸â¤ï¸â¤ï¸â¤ï¸â¤ï¸â¤ï¸â¤ï¸,1748065367
C17VvlouXbs,18121362343409914,Someone can help me please ? Love  humanity,1747825440
C17VvlouXbs,18318346333231521,,1747682420
C17VvlouXbs,18063079117893780,Check messages,1746851109
C17VvlouXbs,18027053477662708,In Rio .. wow I loved it â¤ï¸,1746819377
C17VvlouXbs,18057136190189969,Why ğŸ™Œâ¤ï¸ğŸ”¥ğŸ”¥ğŸ”¥ğŸ•Šï¸,1746765280
C17VvlouXbs,18100970161532495,brazil can show you true speed. god speed,1746571728
C17VvlouXbs,18010479290721036,"Muito legal o retrato que ele fez do paÃ­s, sÃ³ favela! Ã‰ assim que o Americano nos vÃª mesmo, o engraÃ§ado Ã© que parece que sÃ³ aqui no Brasil tem favela nÃ© !",1746380471
C17VvlouXbs,18099735178478366,ğŸ‡§ğŸ‡·,1746370446
C17VvlouXbs,18290117248217854,His smile 2nd ğŸ˜‚ğŸ˜‚ğŸ˜‚ğŸ˜‚,1746291183
C17VvlouXbs,18078314797817542,Brraaaaaaazziiiiiiiiiiiiiiiiiiiiiiiil,1746068195
C17VvlouXbs,18291434740220305,Vini junior ğŸ˜‚ğŸ˜‚ğŸ˜‚,1746058882
C17VvlouXbs,17908636659129376,ğŸ˜ğŸ˜ğŸ”¥ğŸ”¥,1745899647
C17VvlouXbs,18032198792652233,BRASIL NAO E PRA AMAROR NAO EM SPEED,1745860760
CzChHKdxvaW,17884762167282039,ğŸ¦ğŸ¦ğŸ¦ğŸ¦ğŸ¦ğŸ¦,1748654164
CzChHKdxvaW,18100255147547216,Shaving brown's is not good,1748620576
CzChHKdxvaW,18087819115574788,#SpeedComeToIran,1748610466
CzChHKdxvaW,17914818711104553,Speed ğŸ”¥,1748577068
CzChHKdxvaW,17844890448477677,,1748371791
CzChHKdxvaW,18069697592500106,ğŸ˜ğŸ˜ğŸ˜ğŸ˜,1747993867
CzChHKdxvaW,18141101944403112,ğŸ™ŒğŸ™ŒğŸ™Œ,1747915824
CzChHKdxvaW,18048345512382481,Give me the account,1747365095
CzChHKdxvaW,17867415858382832,,1747337137
CzChHKdxvaW,18072024868928403,Have an American friend,1747228224
CzChHKdxvaW,17884062963274559,Speed's just a chill guy ğŸ˜â¤ï¸,1746825142
CzChHKdxvaW,18048622307101062,ğŸ“©,1746057634
CzChHKdxvaW,17974737044710713,@_skat_x_93_,1746009345
CzChHKdxvaW,18041051924619836,i dont think this man is 20 years i think you more like an elite,1745556814
CzChHKdxvaW,18040091909563832,â¤ï¸,1745414560
CzChHKdxvaW,18047193482601684,ğŸ”¥ğŸ”¥ğŸ”¥ğŸ”¥ğŸ”¥,1744957952
CzChHKdxvaW,18063184628051368,ğŸ”¥ğŸ”¥,1744811424
CybRzbRqIcJ,18069701620799144,My name is Arshith John. Thank you broğŸ¤™ğŸ¤›ğŸ¿,1748621711
CybRzbRqIcJ,18085174654708600,"Bro, I'm from India ğŸ‡®ğŸ‡³. I want to see u because u came to India. I like USA ğŸ‡ºğŸ‡¸ cricket team. Please come to india next time.",1748621598
CybRzbRqIcJ,17847604785482669,#SpeedComeToIran,1748610472
CybRzbRqIcJ,18081524761789174,"Come visit Iran ğŸ‡®ğŸ‡· bro!you like iran, Persian fans waiting ğŸ”¥â¤ï¸",1748609996
CybRzbRqIcJ,17864920107396903,Relax guys speed script suggest kar rha hğŸ˜‚ğŸ˜‚,1748605276
CybRzbRqIcJ,17890619424256154,Speed ğŸ”¥,1748577064
CybRzbRqIcJ,18038097080325348,â¤ï¸ğŸ™Œ,1748491336
CybRzbRqIcJ,17958124769951347,You Pakistan will hope look ğŸ˜,1748473356
CybRzbRqIcJ,18065115833044466,What's thatğŸ˜‚,1748422641
CybRzbRqIcJ,18384231055186116,â¤ï¸â¤ï¸,1748280618
CybRzbRqIcJ,18080610565831700,â¤ï¸,1747983277
CybRzbRqIcJ,18060688246922194,ğŸ˜‚ğŸ˜‚ğŸ˜‚ğŸ˜‚,1747938603
CybRzbRqIcJ,18128105038428024,â¤ï¸ğŸ”¥ğŸ”¥ğŸ”¥ğŸ”¥,1747938599
CybRzbRqIcJ,18011623907750163,â¤ï¸ğŸ‡®ğŸ‡³ğŸ‡®ğŸ‡³ğŸ”¥,1747895560
CybRzbRqIcJ,17860345791356461,â¤ï¸,1747848887
CybRzbRqIcJ,18085298158726131,â¤ï¸â¤ï¸â¤ï¸,1747847989
CybRzbRqIcJ,18144501295386222,Speed amazingğŸ™Œ. India aane ke liye welcome. ğŸ‡®ğŸ‡³ğŸ‡®ğŸ‡³ğŸ‡®ğŸ‡³. ğŸ‘‹. ğŸ«¶ğŸ¥°ğŸ¤—ğŸ˜‡,1747837578
CybRzbRqIcJ,18064549022038166,I from India ğŸ‡®ğŸ‡³â¤ï¸â€ğŸ©¹,1747750574
CybRzbRqIcJ,18030588053418741,Mc stan was crazy ğŸ”¥,1747716877
CybRzbRqIcJ,18173052880333600,ğŸ”¥,1747652718
CybRzbRqIcJ,18078991759771852,,1747640679
CybRzbRqIcJ,17988395990663024,"Mad love everyone chat ğŸ’™  I'm trying follow god and appreciate everyone knows I'm Demon but this year I been putting God, Allah and speed before anyone South America to Cali",1747599888
CybRzbRqIcJ,18041134676267584,ğŸ˜‚â¤ï¸,1747586986
CybRzbRqIcJ,18047585714138229,Tunik tunikâ¤ï¸ğŸ”¥,1747563471
CybRzbRqIcJ,17843905980488640,ğŸ”¥,1747513503
CybRzbRqIcJ,18028002116479449,Kerala sir....,1747496369
Cw-pxVZOpwI,18085445632734622,W speedğŸ˜,1748594278
Cw-pxVZOpwI,18082018549703493,Speed ğŸ”¥,1748577058
Cw-pxVZOpwI,18273827401275028,KSI x IShowSpeed x MrBeast,1748462660
Cw-pxVZOpwI,17864533893401213,@ishowspeed you're the next CR7 we love you ğŸ˜ğŸ˜ğŸ˜,1748361877
Cw-pxVZOpwI,18060033629276220,@ishowspeed you're the best â¤ï¸â¤ï¸â¤ï¸â¤ï¸â¤ï¸ğŸ”¥ğŸ”¥ğŸ”¥ğŸ”¥ğŸ”¥ğŸ”¥ğŸ”¥,1748361802
Cw-pxVZOpwI,18045973811407220,Why is mr beast looking u like that,1748293241
Cw-pxVZOpwI,17927389620048630,cool,1747147540
Cw-pxVZOpwI,18507308941047752,Yoo whaaat thaa hell heeell nahhh . Is that on photo 2 MrBeast â¤ï¸â¤ï¸,1746825219
Cw-pxVZOpwI,17852011845440474,ğŸ”¥â¤ï¸ğŸ¥³,1746235702
Cw-pxVZOpwI,18011716520538768,ğŸ˜ğŸ˜ğŸ‡§ğŸ‡©ğŸ‡§ğŸ‡©ğŸ‡§ğŸ‡©,1745899739
Cw-pxVZOpwI,18382431982142304,,1745631964
Cw-pxVZOpwI,18048455378093245,My idol speed i love you brother ğŸ«€,1745518408
Cw-pxVZOpwI,17963952995909439,â¤ï¸,1745414540
Cw-pxVZOpwI,17902273446159321,The way beast see's him ğŸ˜‚,1745248325
Cw-pxVZOpwI,18037784708623571,ğŸ”¥ğŸ”¥ğŸ”¥,1744811402
CvH8-4UrZ92,18062274641143648,ğŸ˜ğŸ˜,1748646506
CvH8-4UrZ92,17896798956214481,Speed ğŸ”¥,1748577053
CvH8-4UrZ92,17933394485925103,,1748435838
CvH8-4UrZ92,17974023707732306,,1748435789
CvH8-4UrZ92,18349554547159786,,1748435777
CvH8-4UrZ92,18325515565207406,ğŸ˜ğŸ˜ğŸ˜ğŸ˜ğŸ¥°ğŸ¥°â¤ï¸â¤ï¸ğŸ’¯ğŸ’¯ğŸ’¯,1748095945
CvH8-4UrZ92,18044036405571876,Neymar jr everybody ğŸ˜‚ğŸ˜‚ğŸ˜‚,1747582339
CvH8-4UrZ92,18044517824190913,Neymar â¤ï¸â€ğŸ”¥,1746547309
CvH8-4UrZ92,18267280876277795,ğŸ˜‚ğŸ˜‚ğŸ˜‚ğŸ˜‚,1746242383
CvH8-4UrZ92,18066272653983334,ğŸ‡§ğŸ‡·ğŸ‡§ğŸ‡·,1745918239
CvH8-4UrZ92,18057402656269649,Love you boss Neymar Jr ğŸ˜ğŸ˜ğŸ‡§ğŸ‡©ğŸ‡§ğŸ‡©ğŸ‡§ğŸ‡©ğŸ‡§ğŸ‡©ğŸ‡§ğŸ‡©,1745899768
CvH8-4UrZ92,18051420212348680,â¤ï¸,1745414545
CvH8-4UrZ92,18038283200560423,Where is the photo with Ronaldo?!,1745241711
CvH8-4UrZ92,18496372627065260,@praiadocaixadaco = ğŸ‡§ğŸ‡· ğŸ‡§ğŸ‡·,1745028200
CvH8-4UrZ92,18077272684773892,,1745026950
CvH8-4UrZ92,18038491469627260,Bro is also supporter of Brazil ğŸ’›,1744896672
CvH8-4UrZ92,18052301531252857,â¤ï¸,1744889187
CvH8-4UrZ92,17865362826366183,Uu my idol,1744811397
Ctm2sqcRtjz,17970728426888522,eyes never lie,1748660970
Ctm2sqcRtjz,17966865623867179,Speed ğŸ”¥,1748577048
Ctm2sqcRtjz,18094571131589804,ğŸ”¥,1748575230
Ctm2sqcRtjz,18309047914212184,Grateful speed,1748537088
Ctm2sqcRtjz,18284623423251771,How old were you when you realized that you can copy a comment by tapping it three times,1748524343
Ctm2sqcRtjz,18086469622642767,Cristiano Ronaldo ğŸ,1748498888
Ctm2sqcRtjz,17880417621318362,Cristiano Ronaldo ğŸ,1748498882
Ctm2sqcRtjz,18090080695621260,Cristiano Ronaldo ğŸ,1748498878
Ctm2sqcRtjz,18101951419556225,Free Palestine ğŸ‡µğŸ‡¸,1748498871
Ctm2sqcRtjz,18505532653052800,Cristiano Ronaldo ğŸ,1748498835
Ctm2sqcRtjz,18479305240070906,login,1748471911
Ctm2sqcRtjz,17992461671652913,Ø§Ù„Ù‡Ù„Ø§Ù„ğŸ¤ğŸ’™ğŸ¤ğŸ’™ğŸ¤ğŸ’™ğŸ¤ğŸ’™,1748437292
Ctm2sqcRtjz,18170297233339872,ğŸ˜‚ğŸ˜‚ğŸ˜‚ğŸ˜‚,1748437287
Ctm2sqcRtjz,18098982553492144,ğŸ˜‚ğŸ˜‚ğŸ˜‚,1748437286
Ctm2sqcRtjz,18110915293493781,ğŸ˜‚ğŸ˜‚ğŸ˜‚,1748437285
Ctm2sqcRtjz,18087942964575842,Ù…Ø§Ø´Ø¢Ø¡Ø§Ù„Ù„Ù‡,1748437284
Ctm2sqcRtjz,18032921774372171,Iconic photo ğŸ”¥ğŸ”¥ğŸ”¥ğŸ”¥ğŸğŸğŸğŸğŸ,1748308144
Ctm2sqcRtjz,17848942842470540,ğŸ”¥ğŸ”¥ğŸ”¥ğŸ”¥ğŸ”¥ğŸ”¥,1748187040
Ctm2sqcRtjz,18064464038027796,Messi or ronaldo me=speedâ˜ ï¸,1748177244
Ctm2sqcRtjz,17981006306698972,,1748155127
Ctm2sqcRtjz,17925928665068124,Look in her eyes,1748151231
Ctm2sqcRtjz,18169485241339527,Cristiano Ronaldo ğŸ,1748101183
Ctm2sqcRtjz,18306919639240016,Bro finally complete his dream ğŸ,1748023126
Ctm2sqcRtjz,18094450933604972,Cristiano Ronaldo ğŸ,1747918960
Ctm2sqcRtjz,18059309077956716,Cristiano Ronaldo ğŸ,1747918957
Ctm2sqcRtjz,18403609270109904,Ishow speed,1747917491
Ctm2sqcRtjz,17967869990907504,ğŸ”¥ğŸ”¥ğŸ”¥ğŸ”¥,1747890737
Ctm2sqcRtjz,17926460274062157,,1747890196
CqdYYHiNNrv,17859923643422717,Speed ğŸ”¥,1748577042
CqdYYHiNNrv,18386028919140293,ğŸ˜‚,1748476922
CqdYYHiNNrv,17884479684279141,ğŸ˜‚ğŸ˜‚,1748377717
CqdYYHiNNrv,18063074735035801,ğŸŒ¤ï¸,1747445242
CqdYYHiNNrv,18040316978265997,Nice luffy drip brotherğŸ”¥ğŸ”¥,1746891149
CqdYYHiNNrv,17930334273041829,like a peack me girl jajajaj,1745522698
CqdYYHiNNrv,18011866397717672,â¤ï¸,1745414540
CqdYYHiNNrv,17872683351338373,Ei yoh bro quick question how did u feel the time when ace died,1745051442
CqdYYHiNNrv,18062030972047368,ğŸ˜‚ğŸ˜‚ğŸ˜‚ğŸ˜‚ğŸ˜‚ğŸ˜‚,1745034122
CqdYYHiNNrv,17886144930144333,ğŸ˜‚ğŸ˜‚,1745002685
CqdYYHiNNrv,17899658706176932,First photo so funny idk why,1744949183
CqdYYHiNNrv,17917058951981697,the black badger?,1744919625
CqdYYHiNNrv,17886542385249723,Fuck damn this crazy I've seen,1744911784
CqdYYHiNNrv,17952773474808940,Bro,1744811372
CqdYYHiNNrv,18098515405530872,I show gee,1744802596
CqdYYHiNNrv,18064365452055055,daddy â¤ï¸â¤ï¸,1744759284
CqdYYHiNNrv,18073112329882794,Blackey naru ğŸ¦ğŸ¦§,1744395693
Cl6Mcu6OqzI,18062321591467286,â¤ï¸ğŸ™Œ,1748637847
Cl6Mcu6OqzI,18065594420474273,â¤ï¸â¤ï¸,1748584680
Cl6Mcu6OqzI,17955692939955340,Speed ğŸ”¥,1748577037
Cl6Mcu6OqzI,18293707801219806,ğŸ™ŒğŸ½ğŸ‡µğŸ‡¸ğŸ‡¸ğŸ‡©ğŸ‡¨ğŸ‡© peace and freedom ğŸ¤,1748491349
Cl6Mcu6OqzI,18036987101648112,Doksli,1748432910
Cl6Mcu6OqzI,18033667241366580,UAE,1748246236
Cl6Mcu6OqzI,18002022344787946,ğŸ˜‚,1748239598
Cl6Mcu6OqzI,18058545161275094,ğŸ”¥ğŸ”¥ğŸ”¥,1748230828
Cl6Mcu6OqzI,18029426468438444,â¤ï¸ğŸ‘,1748178153
Cl6Mcu6OqzI,18145126369390981,â¤ï¸ğŸ˜,1748165750
Cl6Mcu6OqzI,18126513355441011,â¤ï¸,1748000381
Cl6Mcu6OqzI,17849763573465321,Alhamdulillah â˜ï¸â¤ï¸,1747919016
Cl6Mcu6OqzI,18085906264712020,https://opensea.io/item/optimism/0x152f7000fd957c832171f3f3a03945b4bbdfeae9/18?activityTypes=all,1747682185
Cl6Mcu6OqzI,18063192332283516,â¤ï¸,1747543653
Cl6Mcu6OqzI,18079571506786364,â¤ï¸,1747508388
Cl6Mcu6OqzI,17948775920971250,Alhamdulillah â˜ï¸,1747451427
Cl6Mcu6OqzI,18061207085126749,Alhamdulillah â˜ï¸,1747451424
Cl6Mcu6OqzI,17939957730006080,Alhamdulillah â˜ï¸,1747304669
Cl6Mcu6OqzI,18084629740737293,Alhamdulillah â˜ï¸,1747216779
Cl6Mcu6OqzI,18047904923374009,à¸§à¸±à¸¢à¸£à¸¸à¹ˆà¸™à¸”à¸¹à¹„à¸š,1747143428
Cl6Mcu6OqzI,17905762818118992,Alhamdulillah. Masyaa Allah,1747097009
Cl6Mcu6OqzI,18037741559308924,,1747072902
Cl6Mcu6OqzI,18054761624238034,Alhamdulillah â˜ï¸,1747054522
CkzFcs6Kvz4,17906023809176198,Speed ğŸ”¥,1748577019
CkzFcs6Kvz4,18057354491351751,Its better messiğŸ‡¦ğŸ‡·ğŸğŸ’€,1748265919
CkzFcs6Kvz4,18060614926899118,Lakukan laga amal di indonesia bro,1747736174
CkzFcs6Kvz4,18139737202396920,Cristiano Ronaldo ğŸ,1747323228
CkzFcs6Kvz4,18123838036444682,All woride is number 7s not speed  c.Ronaldo/CR7,1746998240
CkzFcs6Kvz4,17899828398069217,Speed Real or Barcelona?,1745518632
CkzFcs6Kvz4,17869045767359326,â¤ï¸,1745414509
CkzFcs6Kvz4,17927568644934807,BrooooğŸ”¥ğŸ”¥ğŸ”¥,1744811361
CkzFcs6Kvz4,18100847803510730,"Congratulations, Speed, on hitting 38 million subscribers! Your energy, passion, and dedication continue to inspire millionsâ€”well deserved!",1743780435
CkzFcs6Kvz4,17983704983665148,Sir please  can you help  me am 15 years  old l live in south africa  can you help me  l wanna  create  a brand for clothes,1743674393
CkzFcs6Kvz4,17964871382751403,Suuuuuuiiiii,1743531245
CkzFcs6Kvz4,18009094058723639,ğŸ˜ggmu,1743324339
CkzFcs6Kvz4,17889718848231467,ğŸ”¥ğŸ™ŒğŸ™ŒğŸ™ŒğŸ™ŒğŸ™Œ,1743300421
CkzFcs6Kvz4,18366507430124247,I see messi 10 on his wrist wtf,1743214870
Cjqq288uxPh,18373058734126932,This guy is the top fan a Rolando,1748656160
Cjqq288uxPh,18502743694043639,Speed ğŸ”¥,1748577014
Cjqq288uxPh,18067819901063246,"Sir pls, I need an iphone 16, 4rm Nigeria ğŸ‘ğŸ‘ğŸ‘ğŸ‘",1748134782
Cjqq288uxPh,18143888869377040,ë©‹ì ¸ìš”. ì‘ì›í•©ë‹ˆë‹¤.,1746447370
Cjqq288uxPh,18039383558536087,"Brother, I am your big fan. It has been 12 years now. I am dying to buy an iPhone but I am not able to buy one because of money. Can you buy me an iPhone? It will be a great favor. Please ğŸ™",1745712523
Cjqq288uxPh,18098122324543570,Men in black 4,1745502594
Cjqq288uxPh,18039715949561943,â¤ï¸,1745414505
Cjqq288uxPh,18059233727123806,Uu not human,1744811355
Cjqq288uxPh,18082622443645109,1st one is nigga ğŸ˜‚,1744701345
Cjqq288uxPh,17919677834964233,ğŸ”¥ğŸ”¥,1744172903
Cjqq288uxPh,17876325249199369,Sir please  can you help  me am 15 years  old l live in south africa  can you help me  l wanna  create  a brand for clothes,1743674387
Cjqq288uxPh,18062756398997642,â¤ï¸,1743547523
Ci5Ws7OqNcZ,17868295230386133,Speed ğŸ”¥,1748577010
Ci5Ws7OqNcZ,18123395236450602,ğŸ–•ğŸ’¯,1748007581
Ci5Ws7OqNcZ,18092336572591842,Mis papis muÃ±eÃ±os juntos,1747442198
Ci5Ws7OqNcZ,17918807943089870,Yooo MRBEAAASTğŸ˜ğŸ˜,1746825366
Ci5Ws7OqNcZ,18008069246569814,ğŸ˜ğŸ”¥ğŸ‡§ğŸ‡©ğŸ‡§ğŸ‡©,1745899896
Ci5Ws7OqNcZ,18077024629751818,ğŸ‘ğŸ‘ğŸ‘,1745569529
Ci5Ws7OqNcZ,18026813213446408,â¤ï¸,1745414504
Ci5Ws7OqNcZ,17917162659066999,What is uu,1744811348
Ci5Ws7OqNcZ,17876844705297701,Minggir loe miskin,1744514967
Ci5Ws7OqNcZ,18105917014496254,Sir please  can you help  me am 15 years  old l live in south africa  can you help me  l wanna  create  a brand for clothes,1743674381
Ci5Ws7OqNcZ,18130461367413255,We look similar,1743600596
Ci5Ws7OqNcZ,17922670431049840,Siuuuuuâ¤ï¸â¤ï¸â¤ï¸,1743051944
CgVWL7CuZMK,18065420647875693,Who are you?,1748592146
CgVWL7CuZMK,17869978479280898,Speed ğŸ”¥,1748577005
CgVWL7CuZMK,17880595107302311,Speed is the biggest bird,1748114475
CgVWL7CuZMK,18069353260761830,â¤ï¸,1746997612
CgVWL7CuZMK,18073854070849266,Congrats for the 10.000.000 Speed ğŸ‘ğŸ‘ğŸ˜ğŸ˜ğŸ”¥ğŸ”¥,1746825414
CgVWL7CuZMK,18065362567959433,âœŒğŸ¾,1745993867
CgVWL7CuZMK,18103687516519639,â¤ï¸,1745414497
CgVWL7CuZMK,18033139313337091,nice gg,1745179541
CgVWL7CuZMK,17921176757961172,This biggest,1744811341
CgVWL7CuZMK,18130850443372192,ğŸ‡ºğŸ‡¿ğŸ‡ºğŸ‡¿ğŸ‡ºğŸ‡¿ğŸ‡ºğŸ‡¿ğŸ‡ºğŸ‡¿ğŸ‡ºğŸ‡¿,1744623083
CgVWL7CuZMK,18067745485914608,Sir please  can you help  me am 15 years  old l live in south africa  can you help me  l wanna  create  a brand for clothes,1743674375
CgVWL7CuZMK,17962057709873253,I didn't put on a T-shirt properlyğŸ¥š,1743457529
CehZO_FuOWv,18081732508749587,Who are you,1748592161
CehZO_FuOWv,17875348275245688,Speed ğŸ”¥,1748576999
CehZO_FuOWv,17849853096433570,,1748382256
CehZO_FuOWv,18369586522120792,have so many fans Hmu there's no way I wouldn't have better numbers my lil bro does I'm the one with no trophy just highschool basketball ones All we need now is one cool edit to meet the idol let's get it god,1748272535
CehZO_FuOWv,18117564484421561,We ğŸ”Ÿ ones chat you know I'm solid and different N like me but some older n with 1K and millions of views that be ducking hate on us frl throwing stuff in my face I be extra to make everything cooler everyone know real life I'm another him even with some of the haters everyone showing us love me love and and he be this older guy be Micky Mousing me,1748272528
CehZO_FuOWv,17883552540183598,I always ğŸ’¯ always chat you know tht my goal to meet speed just being real the one with 1K subs is slowing us and hating on us even lowkey be saying stuff to me and hating but the chat loves me and I'm trying make stuff better Perfectionist I don't want be love hated cause of tht I show everyone love on god,1748270349
CehZO_FuOWv,18304358332240870,PS4,1747850295
CehZO_FuOWv,18158659795360252,Please send me a msg speed,1747755906
CehZO_FuOWv,18151225483369733,Suuuiiiii ğŸ“,1747416232
CehZO_FuOWv,18161888707352852,â¤ï¸,1745414493
CehZO_FuOWv,18346943380153317,For me Messi is the goat but i respect ronaldo,1745357615
CehZO_FuOWv,18098017849536688,Speed,1744811335
CehZO_FuOWv,17953393004945801,MğŸ˜‚ğŸ˜‚ğŸ˜‚ğŸ˜‚ğŸ˜‚,1744552577
CehZO_FuOWv,17873997444322868,â¤ï¸,1743970396
CcZBlTdOeW4,17924316317962710,"How do u like the photo 
Ben : Yes",1748612245
CcZBlTdOeW4,17967936593880841,Who are you,1748592168
CcZBlTdOeW4,18119095333420058,Speed ğŸ”¥,1748576993
CcZBlTdOeW4,18081190696691296,7,1748526459
CcZBlTdOeW4,17916963777098832,ğŸ˜‚ğŸ˜‚ğŸ˜‚ğŸ˜‚,1748464034
CcZBlTdOeW4,18068618480058789,ğŸ˜‚ğŸ˜‚,1748458056
CcZBlTdOeW4,17958827024928098,,1748388350
CcZBlTdOeW4,18133055389418635,,1748268787
CcZBlTdOeW4,17990655332654331,ğŸ˜‚ğŸ˜‚ğŸ˜‚ğŸ˜‚ğŸ˜‚,1748174285
CcZBlTdOeW4,18064690139014818,,1748089290
CcZBlTdOeW4,17892364524126849,ğŸ˜®ğŸ˜®ğŸ˜,1747993876
CcZBlTdOeW4,17865585165389019,ğŸ˜‚ğŸ˜‚ğŸ˜‚ğŸ˜‚ğŸ˜‚ğŸ˜‚,1747469040
CcZBlTdOeW4,18066472330962757,,1747290713
CcZBlTdOeW4,18265242037263595,why bro why,1747218222
CcZBlTdOeW4,18052250144361648,wtf you do speedyyyyyy,1747054194
CcZBlTdOeW4,17846514408469440,Bro I have the same ben,1746581658
CcZBlTdOeW4,18505690111057885,ğŸ˜‚ğŸ˜‚ğŸ˜‚ğŸ˜‚,1746561572
CcZBlTdOeW4,18045953681458025,Cute,1746450636
CcZBlTdOeW4,18078434239746321,What are you doing with that plushy,1746069510
CcZBlTdOeW4,17902246884170216,You not scare the ben,1746068460
CcZBlTdOeW4,18162332200347796,What's going on with that toy...hope it's not what I'm thinking?,1745871765
CcZBlTdOeW4,17845658142464532,bro respeta...ğŸ”¥,1745688422
CZ-x9-LNXbk,17898936141198904,Who are you,1748592177
CZ-x9-LNXbk,17975719148849853,Speed ğŸ”¥,1748576988
CZ-x9-LNXbk,18323460256200668,ğŸ–•,1748448716
CZ-x9-LNXbk,18279575785250274,We got I show speed showing middle finger to us before GTA 6ğŸ˜‚,1748418239
CZ-x9-LNXbk,17861195100408461,ğŸ˜‚ğŸ˜‚,1747582371
CZ-x9-LNXbk,17939806599005691,ğŸ–•ğŸ¾,1746793153
CZ-x9-LNXbk,18477625267071594,ğŸ™ŒğŸ˜‚,1746434089
CZ-x9-LNXbk,18043009391528298,Kotak bas,1746250806
CZ-x9-LNXbk,18057385052276146,ÒšĞ¾Ñ‚Ğ°Ò› Ğ±Ğ°Ñ,1746250790
CZ-x9-LNXbk,17921130899966210,ğŸ˜‚ğŸ˜‚ğŸ˜‚ğŸ˜‚,1745569553
CZ-x9-LNXbk,17888753382238925,Men in black 4,1745502616
CZ-x9-LNXbk,18087525907621545,â¤ï¸,1745414489
CZ-x9-LNXbk,17960466374911671,ğŸ˜‚ğŸ˜‚ğŸ˜‚ğŸ˜‚Bro thats funny,1745394568
CZ-x9-LNXbk,18516079015016262,Big ass finger thoğŸ˜‚ğŸ˜‚,1745138488
CZ-x9-LNXbk,17959187720782007,Big ass fingers,1745033613
CZ-x9-LNXbk,18076588603692600,Such a fiiiiiiiiiiiinger,1744999689
CZ-x9-LNXbk,17979860798692113,Uu the ğŸ,1744811315
CZAWztMP0vQ,18046993484173081,Speed ğŸ”¥,1748576981
CZAWztMP0vQ,18139705207392800,But speed's pant,1748229095
CZAWztMP0vQ,18087610156627755,Bro wtf,1747117774
CZAWztMP0vQ,18121922056446153,ğŸ”¥ğŸ”¥,1745947331
CZAWztMP0vQ,17866713948367200,speeds so fine,1745939240
CZAWztMP0vQ,18140589922354881,â¤ï¸,1745414482
CZAWztMP0vQ,18062045138090109,ğŸ‘ğŸ‘ğŸ‘ğŸ‘ğŸ‘ğŸ‘ğŸ‘â¤ï¸â¤ï¸â¤ï¸â¤ï¸,1745394588
CZAWztMP0vQ,17955287720930141,ğŸ‘ğŸ‘ğŸ‘ğŸ‘ğŸ‘ğŸ‘â¤ï¸,1745298207
CZAWztMP0vQ,17931905604012063,Happy Late Birthday My Biggest Greatest Creator,1745179448
CZAWztMP0vQ,18072214915859537,ğŸ˜,1745027697
CZAWztMP0vQ,18349714522158266,Mi proximo gallitoğŸ”¥,1744947372
CZAWztMP0vQ,18097296466557315,Bro chill,1744811307
CZAWztMP0vQ,17984567495666053,ğŸ‡ºğŸ‡¿ğŸ‡ºğŸ‡¿ğŸ‡ºğŸ‡¿ğŸ‡ºğŸ‡¿,1744623099
CWrD7piPCs_,18501426313063798,Who are you,1748592185
CWrD7piPCs_,18070294270784171,Speed ğŸ”¥,1748576976
CWrD7piPCs_,18054181349036550,Third pic look like he saying 'yessir!',1747766719
CWrD7piPCs_,17866772922285396,ğŸ”¥ğŸ”¥ğŸ”¥,1745947325
CWrD7piPCs_,18020256077501748,Last pic look like he saying 'yessir!!',1745762917
CWrD7piPCs_,18084192130640888,â¤ï¸,1745414477
CWrD7piPCs_,17986472906660495,Diddyspidy yes ser,1745105469
CWrD7piPCs_,18001464164604235,â¤ï¸â¤ï¸,1744811301
CWrD7piPCs_,18131548171407122,@luckkyyy03 ğŸ˜ğŸ«°ğŸ»ğŸ«¶ğŸ»ğŸ’‹,1744533247
CWrD7piPCs_,17959597088778141,Papi no me mire asÃ­,1744492354
CWrD7piPCs_,18055796456151870,Sir please  can you help  me am 15 years  old l live in south africa  can you help me  l wanna  create  a brand for clothes,1743674340
CV6Oht5Pf7g,18351542386158195,Speed ğŸ”¥,1748576972
CV6Oht5Pf7g,18048434267587615,Gucci underwear ğŸ˜‚ğŸ˜‚,1747582420
CV6Oht5Pf7g,18082540579708139,We just got the job ahhh,1747516432
CV6Oht5Pf7g,17956911911794960,ğŸ”¥ğŸ”¥,1745947318
CV6Oht5Pf7g,17953232300945746,â¤ï¸,1745414471
CV6Oht5Pf7g,17892728184209036,â¤ï¸â¤ï¸â¤ï¸that Looks so cool I Like gara,1745394654
CV6Oht5Pf7g,17976440765833564,He been wearing them foam runners ğŸ˜­,1745369046
CV6Oht5Pf7g,17984716322813789,What the heck was that? Was that gangster?,1745033654
CV6Oht5Pf7g,18006070436730149,Bro iloveyou so much,1744811294
CV6Oht5Pf7g,18064287322954389,gara the best,1744740360
CV6Oht5Pf7g,18042533390181706,Bro i am the suporter of Cristiano ronaldo very good,1744644077
CV6Oht5Pf7g,18062378120093811,ğŸ‡ºğŸ‡¿ğŸ‡ºğŸ‡¿ğŸ‡ºğŸ‡¿ğŸ‡ºğŸ‡¿ğŸ‡ºğŸ‡¿ğŸ‡ºğŸ‡¿,1744623379
CV6Oht5Pf7g,17964096833864673,How are you Kalu Bhai ğŸ™‹ğŸ™‹ğŸ’,1744374640
CV6Oht5Pf7g,18027234944416157,the time ğŸ˜,1743967795
CVt3zVdtnk4,17860177200422281,Santai Santai SantayğŸ™ŒğŸ‘ğŸ”¥,1748672078
CVt3zVdtnk4,18097719679561974,Speed ğŸ”¥,1748576967
CVt3zVdtnk4,18280193431253491,,1747903019
CVt3zVdtnk4,18023777483484897,Follow up guys ğŸ”¥,1745676991
CVt3zVdtnk4,18367402186134847,"Bro, looks like he was in drugs",1745033680
CVt3zVdtnk4,18083484586572615,Donâ€™t cry,1744811285
CVt3zVdtnk4,18032645924558492,ğŸ”¥,1743921924
CVt3zVdtnk4,18026107241340560,txt me,1740760247
CVEPH1Nsr-o,18085882900728843,NiggağŸ”¥ğŸ™Œ,1748589411
CVEPH1Nsr-o,18098939419555233,Speed ğŸ”¥,1748576963
CVEPH1Nsr-o,18061713500041200,ğŸ”¥ğŸ”¥,1745947315
CVEPH1Nsr-o,18076583971646695,â¤ï¸,1745414466
CVEPH1Nsr-o,18061566611102156,ğŸ‡ºğŸ‡¿ğŸ‡ºğŸ‡¿ğŸ‡ºğŸ‡¿ğŸ‡ºğŸ‡¿,1744623385
CVEPH1Nsr-o,17927195618934813,â¤ï¸,1744564464
CVEPH1Nsr-o,18045120929522960,Sir please  can you help  me am 15 years  old l live in south africa  can you help me  l wanna  create  a brand for clothes,1743674324
CVEPH1Nsr-o,18037951760246086,The way I would let him rail me,1743480293
CVEPH1Nsr-o,17957059001786771,ğŸ”¥,1743279186
CUiggpcr3Kn,18086563849727027,Speed ğŸ”¥,1748576958
CUiggpcr3Kn,18141294070362271,ğŸ˜ğŸ˜,1748552518
CUiggpcr3Kn,18076160740862709,Angyy boy unlocked,1747718230
CUiggpcr3Kn,18032708864381456,ğŸ”¥ğŸ”¥ğŸ”¥,1747582476
CUiggpcr3Kn,18088912714529393,ğŸ”¥ğŸ”¥ğŸ”¥,1745947311
CUiggpcr3Kn,18355253191196819,â¤ï¸,1745414462
CUiggpcr3Kn,17909965587016522,â˜ºï¸â˜ºï¸â˜ºï¸â˜ºï¸â˜ºï¸,1744564450
CUiggpcr3Kn,18042045245420579,Sir please  can you help  me am 15 years  old l live in south africa  can you help me  l wanna  create  a brand for clothes,1743674314
CUiggpcr3Kn,17898067095170840,Your jersey no is 7 means â¤ï¸â¤ï¸ Thala for a reason â¤ï¸â¤ï¸â¤ï¸,1743141460
CUJCjSqrHEq,17938073514001559,Speed ğŸ”¥,1748576953
CUJCjSqrHEq,18324660547201845,are you sereos bro,1748524003
CUJCjSqrHEq,17969854010747165,Nigha upper your underweqr,1748173448
CUJCjSqrHEq,18065709554047443,,1748087853
CUJCjSqrHEq,18030300923419605,,1747582526
CUJCjSqrHEq,17964724160768039,ğŸ˜‚,1746969867
CUJCjSqrHEq,18061265042285205,ğŸ”¥ğŸ”¥,1746833643
CUJCjSqrHEq,18078860641807019,,1746793215
CUJCjSqrHEq,17907831414037200,bro what the helli at least shouldve posted them in reverse order,1746676159
CUJCjSqrHEq,18053964887245347,emmmmm,1746450832
CUJCjSqrHEq,18075419323831378,I come back to this photo to feel better about my outfit choices,1746241704
CUJCjSqrHEq,17905838658152168,,1746204952
CUJCjSqrHEq,17962486373919989,,1746202377
CUJCjSqrHEq,18068039236948211,,1745986958
CUJCjSqrHEq,18383760628140928,ğŸ˜‚,1745965885
CUJCjSqrHEq,18057287173957706,ğŸ”¥ğŸ”¥,1745947306
CUJCjSqrHEq,18058302296135556,,1745460886
CUJCjSqrHEq,17875427910223344,â¤ï¸,1745414457
CUJCjSqrHEq,18037153172302606,ğŸ˜‚ğŸ˜‚ğŸ˜‚ğŸ˜‚ğŸ˜‚ğŸ˜‚ğŸ˜‚ğŸ˜‚ğŸ˜‚ğŸ˜‚ğŸ˜‚ğŸ˜‚ğŸ˜‚ğŸ˜‚ğŸ˜‚ğŸ˜‚ğŸ˜‚ğŸ˜‚ğŸ˜‚ğŸ˜‚ğŸ˜‚ğŸ˜‚ğŸ˜‚ğŸ˜‚ğŸ˜‚,1745411733
CTk5soaPSNo,17884169943281396,Speed ğŸ”¥,1748576948
CTk5soaPSNo,18068282080952187,The glow up is crazy,1748487176
CTk5soaPSNo,18144162202388837,,1747948304
CTk5soaPSNo,17892720072236407,Do you actually ever run in any of your posts?,1747928686
CTk5soaPSNo,18033453587346859,Bro is not NBA youngboy ğŸ˜‚,1747680871
CTk5soaPSNo,17888697297144517,Ayyeee boi pull ya pants up boi. Lol,1747670601
CTk5soaPSNo,18046236104436694,ğŸ”¥ğŸ”¥,1745947302
CTk5soaPSNo,18063037085010076,I see you speed,1745463137
CTk5soaPSNo,18063520580491857,â¤ï¸,1745414452
CTk5soaPSNo,18267761296287226,AAAAAAaaa uke uke,1745105499
CTk5soaPSNo,18041700569531048,Speed â¤ï¸,1744564426
CTk5soaPSNo,18136010968403961,@ishowspeed  who is adin ross to you??Â¿,1744283293
CTk5soaPSNo,18063449639298694,skyğŸª,1743967820
CTQxqMaHA_y,18034125920348390,Speed ğŸ”¥,1748576944
CTQxqMaHA_y,18348247939157520,ğŸ”¥,1745947296
CTQxqMaHA_y,18092755663572441,â¤ï¸,1745414447
CTQxqMaHA_y,18072620017866956,Dammmmmâ¤ï¸,1744564417
CTQxqMaHA_y,18300617125215191,Speed man!!! how how? do yu do al dis man i wish i cloud do that to ğŸ™ğŸ¥ºgod bless ma man,1744467704
CTQxqMaHA_y,17953098044935539,ğŸ”¥,1744192998
CTQxqMaHA_y,18149795221371335,Sir please  can you help  me am 15 years  old l live in south africa  can you help me  l wanna  create  a brand for clothes,1743674266
CTQxqMaHA_y,18047701922368112,ğŸ‘,1743641043
CTQxqMaHA_y,18056081446938895,ğŸ‘,1743641041
CTQxqMaHA_y,18491624122016897,à´®à´¿à´¨àµà´¨àµ½ à´®àµà´°à´³à´¿ âš¡,1743421957
CTQxqMaHA_y,18024010718446837,NegroğŸ˜‚,1743316563
CTJGj0yn_lY,18060958310173703,Speed ğŸ”¥,1748576939
CTJGj0yn_lY,18034994045634510,â¤ï¸,1745414442
CTJGj0yn_lY,17965294898884097,å“ˆå“ˆ,1745221997
CTJGj0yn_lY,17983140155817238,What kind of smile was that thatâ€™s creepy,1745033740
CTJGj0yn_lY,18051048623205899,Uu my guy,1744811277
CTJGj0yn_lY,18023580464677762,2027 ğŸ‘€â³,1743446641
CTJGj0yn_lY,18383975659118315,ğŸ”¥ğŸ”¥ğŸ”¥ğŸ”¥ğŸ”¥ ishomeat,1741835748
CRnDPILBIY4,18047246096617721,Speed ğŸ”¥,1748576934
CRnDPILBIY4,17895439065219792,MY GOATğŸ˜,1747885444
CRnDPILBIY4,17850642822427713,If I ever get the chance to put my cakes out this goats face LOVESPEED ğŸ˜,1747885429
CRnDPILBIY4,18139528594399676,didhe,1747811702
CRnDPILBIY4,18056260220193191,Hi sir,1747499028
CRnDPILBIY4,18130318879421017,We be ğŸ”Ÿ that's all chat she trying call me back now but I'm chill with Speed soon they all show love and On God call me speeds son I'm YB For`eignğŸ§¦,1747417372
CRnDPILBIY4,18043988693617366,I'm Running from girls my ex we broke up these girls the devil in my life sometimes ğŸ…ğŸ’¨â¤ï¸â€ğŸ”¥,1747417128
CRnDPILBIY4,18019971761703374,ğŸ”¥ğŸ”¥ğŸ‘ğŸ‘,1747370291
CRnDPILBIY4,17852360046435384,U got black I got white what u want,1745683248
CRnDPILBIY4,17843187096471920,â¤ï¸,1745414438
CRnDPILBIY4,18124240759440633,,1745298334
CRnDPILBIY4,17903140410152174,ğŸ”¥ğŸ”¥,1745298278
CRnDPILBIY4,18014937317512067,I wanna meet uu,1744811272
CRnDPILBIY4,17847332943450001,Stay big,1744671000
CRnDPILBIY4,18170457607334833,ğŸ”¥ğŸ”¥,1744568146
CRnDPILBIY4,18111220819465866,I got black I got white what you wantğŸ˜¢,1744089388
CRc_laznRou,18071695501763189,Speed ğŸ”¥,1748576928
CRc_laznRou,18131283016420105,"Please speed notice my comment, would love to have a conversation with you. Going through a tough time mentally right now.",1747518932
CRc_laznRou,17971388252736858,Boyu ne kadar? burada Ã§ok kÃ¼Ã§Ã¼k gÃ¶rÃ¼nÃ¼yor,1746424247
CRc_laznRou,18078453127775957,â¤ï¸,1745414431
CRc_laznRou,18036631532302764,We love uu,1744811265
CRc_laznRou,18092734843568066,ğŸ‡ºğŸ‡¿ğŸ‡ºğŸ‡¿ğŸ‡ºğŸ‡¿ğŸ‡ºğŸ‡¿ğŸ‡ºğŸ‡¿,1744623414
CRc_laznRou,18024545651472471,Ufff â¤ï¸,1744564400
CRc_laznRou,18030339179345016,#à²•à²¨à³à²¨à²¡à²¿à²— ğŸ’›â¤ï¸ğŸ’™ğŸ˜,1744032309
CRc_laznRou,18053955170225634,AAAAAA AMAZING DRIP BRO!!ğŸ¥‹ğŸ©µ,1743967853
CRc_laznRou,18029512514347843,Bro,1743648887
CRc_laznRou,17903364531138922,Why bro looking like a YN,1743340944
CQsU7RhnabT,18013670261546618,my mom love ishowseed,1748652105
CQsU7RhnabT,18046929065387459,"Come visit Iran ğŸ‡®ğŸ‡· bro!you like iran, Persian fans waiting ğŸ”¥â¤ï¸",1748610043
CQsU7RhnabT,17966675915909872,Speed ğŸ”¥,1748576920
CQsU7RhnabT,18081868399749758,you ate that up ğŸ˜‚ğŸ”,1748350008
CQsU7RhnabT,18067496839994469,Yo chat bro you know I love x and speed the most and god thanks,1748267493
CQsU7RhnabT,17890136190255383,ğŸ”¥,1747989297
CQsU7RhnabT,18076411138862180,,1747476311
CQsU7RhnabT,17876972523300868,â¤ï¸,1745414425
CQsU7RhnabT,17981100305683571,Iâ€™m so scared of his smile,1745033761
CQsU7RhnabT,18491914240017537,Goat,1744811258
CQsU7RhnabT,18019913537503179,Keep dem pearly whites,1744671013
CQsU7RhnabT,18287549743188859,Beautiful â¤ï¸,1744564383
CQEd6rLHZ8p,17929732059049440,Speed ğŸ”¥,1748576915
CQEd6rLHZ8p,18512245120023751,,1748415754
CQEd6rLHZ8p,18033903926345932,ummm whereâ€™s all your post ??? I need a screensaver lol,1748122123
CQEd6rLHZ8p,17870984004362538,Who is this kid?? Why are all yâ€™all following him?,1747853242
CQEd6rLHZ8p,18271214575274107,ğŸ‘,1747839680
CQEd6rLHZ8p,18144511672379273,Please reply me bro ğŸ˜¢,1747646676
CQEd6rLHZ8p,18086801476650926,ğŸ”¥,1747570833
CQEd6rLHZ8p,18066568675995839,Hi sir please,1747499002
CQEd6rLHZ8p,18113980747492200,"Hello, I have been working as a nurse at a hospital for three years. My biggest dream is to buy a car, but I donâ€™t have enough money. I would be very grateful for any help or support. If you help me for that problem , when Ä± have a money Ä± get the  your money back.",1746997500
CQEd6rLHZ8p,17918053289978880,Speed please write for me its important,1745832476
CQEd6rLHZ8p,18030594038374440,Now it's 9.7k comments,1745738350
CQEd6rLHZ8p,18064833310988260,â¤ï¸,1745414421
CQEd6rLHZ8p,18080969341677796,Goat ğŸ,1745340514
CQEd6rLHZ8p,18345959407155347,è£¤å­æ‰ä¸‹æ¥äº†,1745222020
CQEd6rLHZ8p,17943610691989341,login,1744988442
CQEd6rLHZ8p,17850790797439648,ğŸ”¥ğŸ”¥,1744811253
CQEd6rLHZ8p,18062334994843883,ğŸ”¥,1744569397
CQEd6rLHZ8p,18178306987318564,â¤ï¸,1744564376
CPr-fNyH9l-,17982897164823694,ğŸ‘ğŸ”¥ğŸ™Œ,1748671946
CPr-fNyH9l-,18076532392896981,ğŸ‘,1748597423
CPr-fNyH9l-,18132828451421820,Speed ğŸ”¥,1748576910
CPr-fNyH9l-,18080683042749463,â¤ï¸,1748552504
CPr-fNyH9l-,18016863740708151,Bro in his prime era.,1748526001
CPr-fNyH9l-,17858381418372580,Young speed ğŸ”¥,1748487148
CPr-fNyH9l-,18509538781042363,10/10 100% smash,1748486913
CPr-fNyH9l-,18145743817388702,Hi Speed,1748387942
CPr-fNyH9l-,18069255230299478,Prime speed,1748354108
CPr-fNyH9l-,18007404863591109,2025â¤ï¸------->,1748348802
CPr-fNyH9l-,17909824329149415,Iâ€™m still looking at his old posts in 2025 ğŸ˜­,1748286869
CPr-fNyH9l-,18507367945008619,Next ?,1748113379
CPr-fNyH9l-,18076893679890275,ğŸ”¥,1747989282
CPr-fNyH9l-,18342609817080274,Good boyğŸ˜‚ğŸ˜‚,1747983453
CPr-fNyH9l-,17872057674264351,â¤ï¸ğŸ”¥,1747905314
CPr-fNyH9l-,17907080841153604,I show speed is gay nigga,1747872644
CPr-fNyH9l-,18300404110168795,Speed come to Kashmir,1747725825
CPr-fNyH9l-,17993638637795988,https://opensea.io/item/optimism/0x152f7000fd957c832171f3f3a03945b4bbdfeae9/18?activityTypes=all,1747682168
CPr-fNyH9l-,17857457052375188,I think I scrolled too far down #memorylane,1747622208
