Title,Score,Number of Comments,Created At
IShowSpeed jumps over 2 cars on livestream,4706.0,293,2025-05-27T18:29:50.767000+0000
When IShowSpeed Broke His Character For Her,2606.0,58,2025-04-05T22:18:41.373000+0000
Does IShowSpeed and Kai Cenat content come off as messed up to you?,50.0,155,2025-03-27T01:42:51.901000+0000
We made the right person famous,1393.0,48,2025-04-07T22:37:06.071000+0000
Not gonna lie‚Ä¶ IShowSpeed‚Äôs China streams are kinda accurate lol,1952.0,568,2025-04-02T01:02:15.552000+0000
Ishowspeed Triggers a substory while visiting China,2023.0,38,2025-04-09T00:07:25.918000+0000
‚ÄúIs IShowSpeed being payed by the CCP‚Äù,692.0,86,2025-03-31T09:51:16.460000+0000
ishowspeed is becoming more and more based,1900.0,70,2025-03-31T23:50:28.169000+0000
ishowspeed unfollowing a Zionist live on stream (via a random insta reposter),4700.0,206,2025-04-01T06:43:14.585000+0000
What are your thoughts on the fact that Ishowspeed has been destroying decades of anti-China propaganda [clip not OC],1088.0,123,2025-04-03T02:38:34.840000+0000
"Popular Streamer IShowSpeed in China, what are your thoughts?",106.0,106,2025-03-25T23:12:44.460000+0000
Ishowspeed leaves NORWAY ,5202.0,214,2024-10-19T08:19:16.191000+0000
The recent IShowSpeed stream clearly shows a difference in mannerism and hospitality between the Mainlanders and westernized HK'ers.,868.0,57,2025-04-04T08:16:06.151000+0000
IShowSpeed Musings,3701.0,186,2025-03-28T22:59:47.629000+0000
Question about China society and youth after IShowSpeed Stream,0.0,225,2025-04-02T03:39:21.887000+0000
Ishowspeed in the china üëÄthis is real life?,371.0,203,2025-04-05T19:34:29.844000+0000
Ishowspeed‚Äôs live w/ Jackson Wang,487.0,80,2025-03-25T04:34:39.103000+0000
ISHOWSPEED SHOWS HIS MEAT ON STREAM! ü§£üíÄ,1945.0,330,2023-08-17T04:02:16.073000+0000
Opinion on Ishowspeed ,220.0,152,2024-10-14T10:12:41.354000+0000
This was on a random ishowspeed clip i saw while scrolling,3540.0,251,2025-02-24T12:42:11.155000+0000
Alright men what‚Äôs your thoughts on ishowspeed ?,86.0,323,2024-07-12T15:19:00.182000+0000
IShowSpeed jumps over 2 cars on livestream,15787.0,675,2024-08-03T23:30:57.937000+0000
Who is this guy with ishowspeed? He's a vibe killer,115.0,45,2025-03-26T04:30:26.674000+0000
Streamer IShowSpeed scares a baby in Denmark and gets confronted by the father,4161.0,955,2024-07-19T06:57:12.462000+0000
IShowSpeed's livestream in China accidentally SMASHED anti-China propaganda.,3639.0,396,2025-03-29T10:40:40.149000+0000
"Back in September, I had a dream where IShowSpeed was watching a meme compilation and then this happened",1756.0,38,2025-04-20T00:39:09.354000+0000
"Popular streamer iShowSpeed shows real China on Youtube+Twitch, accidentally destroys Western propaganda",202.0,133,2025-03-30T18:04:21.746000+0000
"Ishowspeed just came to China and has a lot of fans, while China bans foreign channels, how do they know him?",725.0,235,2025-04-02T19:45:18.330000+0000
ishowspeed backflips INTO his desk üò≠,1047.0,74,2024-12-29T19:49:01.960000+0000
"Ishowspeed calls out camera man anti-China bs (6:15:30, context in the comments)",380.0,36,2025-03-30T21:36:48.094000+0000
IShowSpeed vs chinese filters,149.0,46,2025-04-03T20:47:34.249000+0000
Chinese girl tells influencer iShowSpeed that she is a racist and a n**** killer,638.0,608,2025-04-01T06:00:34.318000+0000
Ishowspeed reaction to Thick of itüíÄ,523.0,37,2024-10-07T22:37:05.471000+0000
IShowSpeed praised by Chinese government as streams go viral - Dexerto,207.0,249,2025-03-28T04:41:53.517000+0000
Ishowspeed's first day in China was overall fairly wholesome,641.0,52,2025-03-25T06:44:59.021000+0000
"For everyone before saying EngineAI was CGI, here's streamer IShowSpeed encountering EngineAI's robots in Shenzhen, China (includes dancing and a front flip)",1054.0,227,2025-04-05T18:06:50.938000+0000
Look who's been spotted in IShowSpeed's latest stream.,1488.0,39,2025-04-05T09:05:05.588000+0000
Ishowspeed and his unnatural speed,611.0,48,2024-08-08T00:24:50.024000+0000
Streamer IShowSpeed got bitten by Dog for unfriendly behavior in South Korea ,9835.0,1480,2024-07-10T10:11:33.774000+0000
"This is China, baby!!!üá®üá≥ü•≥ IShowSpeed livestreamed the incredible night view of the city Chongqing with his drone.",2030.0,245,2025-04-03T06:20:05.626000+0000
IShowSpeed reveals to fans in China that his ‚ÄòGreatest Rapper of All Time‚Äô is Eminem,3698.0,204,2025-03-31T14:12:32.651000+0000
"IshowSpeed in Malaysia, went wrong. ",2506.0,264,2024-09-17T11:49:22.017000+0000
"IShowSpeed was born, grew up, started streaming, got into football and still won a trophy before Harry Kane",4880.0,83,2025-03-10T11:23:07.303000+0000
Ishowspeed's reaction to Ronaldo surpassing his youtube subscribers numbers ,2646.0,260,2024-08-23T05:54:55.365000+0000
"Tayyip Erdoƒüan's police beat up a protester for doing 'SIUUUU' ‚Äì Ishowspeed, please show this live on your stream, help guys",2594.0,92,2025-03-24T00:58:49.237000+0000
Cristiano's comment wishing IShowSpeed a happy birthday becomes the 2nd most liked comment ever on instagram.,7246.0,183,2025-01-24T18:47:36.029000+0000
Ishowspeed,15999.0,184,2022-10-04T12:35:51.830000+0000
Man United staff angry at YouTuber IShowSpeed for attending the club's FA Cup victory after-party... while they were NOT invited after INEOS cancelled post-match bash.,5974.0,790,2024-05-29T16:14:06.626000+0000
Nexon will potentially be taking legal action against the Momoi cosplayer that appeared in the IShowSpeed stream,951.0,306,2025-03-31T16:20:56.685000+0000
IShowSpeed attempts to jump over Lamborghini and McLaren back-to-back live,1991.0,411,2024-08-03T20:25:35.344000+0000
ISHOWSPEED LIFTS UCL BEFORE MBAPPE,2331.0,56,2025-05-30T17:29:40.173000+0000
She said WHAT??! üíÄ,1052.0,242,2025-04-21T23:17:11.907000+0000
Ishowspeed ruined this scene in the worst way possibleüíÄ,0.0,23,2025-01-08T11:31:39.118000+0000
Ishowspeed in china vs Mumbai,1030.0,165,2025-04-11T04:18:19.196000+0000
‚ÄúGod Damn Master!!‚Äù (@ishowspeed ),903.0,180,2025-03-30T14:46:08.022000+0000
countries where speed did irl stream,1214.0,124,2025-04-18T12:50:50.984000+0000
Famous streamer IShowSpeed is amazed to see China for himself during livestream,705.0,63,2025-03-25T18:56:41.381000+0000
What's your honest opinion on iShowSpeed?,4.0,32,2025-01-06T08:16:22.374000+0000
Kids following some random black guy thinking he's ishowspeed,1917.0,165,2024-10-05T13:18:49.645000+0000
How do chinese people know IshowSpeed,3.0,13,2025-04-03T17:43:33.567000+0000
China wtf?!,1509.0,387,2025-04-12T01:58:22.262000+0000
ishowspeed Sri Lanka tour,368.0,64,2025-04-14T14:07:09.357000+0000
HASAN step up your game brother. Congrats iShowspeed America's cultural ambassador.,1953.0,103,2025-03-26T18:02:31.119000+0000
Fatal Fury promotional video with iShowSpeed and KSI,434.0,419,2025-04-11T13:39:57.461000+0000
Discussion: What IShowSpeed‚Äôs day shows about Hong Kong,320.0,164,2025-04-04T17:35:27.801000+0000
IShowSpeed hits one million live viewers in Indonesia üáÆüá© ,512.0,399,2024-09-18T11:02:13.179000+0000
Ishowspeed lat drop ü§®,1030.0,108,2024-07-18T22:28:53.037000+0000
"""Nobody called it football before Ishowspeed""",2273.0,150,2024-10-02T12:08:37.657000+0000
Gentle reminder that Ishowspeed is an absolute garbage human,1875.0,290,2024-05-15T19:54:20.350000+0000
"N-Word drama as some users on the ishowspeed subreddit ask ""why can't we say it""",383.0,507,2025-04-23T13:34:59.104000+0000
How tk learn Ishowspeed's backflip? (standing layout),55.0,38,2024-10-05T05:09:23.363000+0000
The Annual Fourth of July Dumbass award goes to IShowSpeed Congratulations,22444.0,1001,2022-07-04T20:25:14.523000+0000
IShowSpeed gets a $1000000 in donation,18589.0,420,2023-09-24T13:25:31.744000+0000
IShowSpeed foul on Kaka. Yellow card given ,9260.0,1553,2024-02-23T18:09:36.776000+0000
"PWInsider: Kevin Owens Receiving High Praise After Royal Rumble, WWE Interested in Future IShowSpeed Involvement",2903.0,583,2025-02-03T17:09:45.028000+0000
what do HK people thinks about IShowSpeed?,0.0,37,2025-04-04T10:54:52.854000+0000
Famous streamer IShowSpeed's team says they were not paid by Chinese Government,274.0,348,2025-03-29T07:04:43.880000+0000
Why is ishowspeed so popular?,6.0,12,2025-05-02T04:27:57.257000+0000
IShowSpeed on the future of Hong Kong,257.0,88,2025-04-05T01:16:36.975000+0000
"Unpopular opinion: iShowSpeed's livestream didn't ""reveal"" anything about China",2.0,37,2025-04-10T01:17:50.219000+0000
iShowSpeed becomes the first streamer to drive a flying car from China,453.0,235,2025-04-05T10:24:14.781000+0000
Leaked video Ishowspeed India visit,597.0,46,2025-04-30T08:00:56.444000+0000
IShowSpeed will try to qualify for 2028 Olympics,0.0,26,2024-11-17T23:18:06.819000+0000
IShowSpeed becomes Balkan,202.0,64,2024-07-11T20:07:03.572000+0000
ishowspeed unfollowing a Zionist live on stream (via a random insta reposter),633.0,230,2025-04-01T13:03:11.746000+0000
IShowSpeed Eliminated from the Royal Rumble,115.0,42,2025-02-02T02:25:12.414000+0000
[lotm] IShowSpeed is aware of LOTM,425.0,28,2025-04-03T08:41:35.972000+0000
Doro cameo on iShowSpeed's Stream on China üá®üá≥,2459.0,57,2025-04-05T13:59:44.902000+0000
Newest iShowSpeed stream shows futuristic BYD car and breathtaking skyline of Chongqing (China is living 200 years ahead of us),134.0,74,2025-04-02T16:52:02.522000+0000
"""IShowSpeed is the real life Luffy!""",0.0,32,2025-04-14T23:22:15.599000+0000
IShowSpeed just entered his 20s today,66.0,72,2025-01-21T10:09:35.374000+0000
OH MY JESUS BRON BREAKKER JUAT KILLED ISHOWSPEED,1571.0,117,2025-02-02T02:25:35.118000+0000
Growing tension between Zlatan Ibrahimovic & Milan owners due to a homophobic gag with IShowSpeed called ‚ÄòFirst one to move is gay.‚Äô,1299.0,157,2024-09-13T14:01:59.552000+0000
IShowSpeed doing illegal car race 150mph+,2441.0,575,2024-03-31T23:35:24.941000+0000
[Athletic] Sky Sports will not be collaborating with YouTuber ‚ÄòIShowSpeed‚Äô in the future after the emergence of his previous misogynistic comments online.,5111.0,1183,2022-11-14T19:44:41.756000+0000
IShowSpeed now holds the record for the most viewed youtube livestream by an individual Youtuber,1851.0,191,2024-09-18T10:59:10.125000+0000
iShowSpeed in India,3841.0,305,2023-10-12T09:39:58.167000+0000
Fantastisk oppf√∏rsel n√•r streamer ishowspeed kom til Oslo.,858.0,413,2024-07-03T21:14:28.993000+0000
ishowspeed vs indian kids,3967.0,423,2022-03-12T11:52:45.198000+0000
"WWE shares multiple angles of IShowSpeed taking Bron Breakker‚Äôs Spear, feat. reactions from Michael Cole and Pat McAfee",2523.0,347,2025-02-03T19:12:56.007000+0000
IShowSpeed in Mongolia,35.0,20,2025-04-06T10:33:16.339000+0000
Basically any comment under an IShowSpeed video recently.,67.0,23,2025-04-11T08:06:48.598000+0000
IShowSpeed messaged Eminem while on his livestream,812.0,70,2025-05-28T21:52:53.203000+0000
What are your thoughts on the ishowspeed china stream?,109.0,200,2025-03-25T19:07:45.562000+0000
IShowSpeed's livestream in China accidentally SMASHED anti-China propaganda.,723.0,30,2025-03-29T10:40:37.797000+0000
I don't understand the hype around IShowSpeed,38.0,52,2025-04-04T06:42:58.890000+0000
She really thought speed gonna buy her a watchüò≠,1031.0,40,2025-01-21T15:08:39.141000+0000
Ishowspeed fans chase him in klcc,884.0,166,2024-09-17T12:52:47.831000+0000
Noah Lyles vs IShowSpeed (50 meters) ,267.0,58,2024-11-07T00:47:31.604000+0000
Immigration NZ investigating possible visa breach from American YouTuber IShowSpeed,420.0,267,2024-11-26T20:08:08.970000+0000
Fumo in Ishowspeed stream!??,1825.0,27,2025-04-05T11:44:36.974000+0000
Unc is a superstar,288.0,30,2025-04-28T15:47:35.859000+0000
IShowSpeed apparently pre-recording streams,0.0,32,2024-07-08T16:11:50.888000+0000
Superidol x ishowspeed,3618.0,18,2025-04-01T04:11:22.461000+0000
IShowSpeed Celebrate 30 million subscribers in Cambodia ,154.0,93,2024-09-16T17:27:12.881000+0000
I went to the burger stall ishowspeed went to,1475.0,112,2024-09-29T10:13:22.976000+0000
IShowSpeed fans called Emily Austin a Zionist ü§£,1409.0,135,2024-08-17T06:27:11.140000+0000
IShowSpeed‚Äôs visit to China has sparked widespread curiosity among fans about cutting-edge advancements in Chinese technology,181.0,11,2025-04-11T17:33:22.371000+0000
 iShowSpeed approves our KFC üí™üí™üí™,1207.0,155,2024-09-17T09:57:32.627000+0000
"Famous youtube streamer Ishowspeed fired firework in his room, hopefully nothing was set on fire.",1831.0,368,2022-07-04T22:13:47.498000+0000
akinator guesses ishowspeed,9750.0,126,2022-08-12T23:58:15.640000+0000
"Growing tension between Zlatan Ibrahimovic & Milan owners due to a homophobic gag with IShowSpeed called ‚ÄòFirst one to move is gay.‚Äô When Abate didn't give Zlatan's son his Primavera debut, Zlatan demoted Abate's father (GK coach) from Primavera to Women‚Äôs team before sacking him without notice.",5282.0,800,2024-09-13T12:43:04.314000+0000
KSI smacks IShowSpeed's ASS...,9746.0,140,2022-05-07T02:36:06.283000+0000
Bro is Ishowspeed ,4651.0,62,2024-11-02T01:50:06.718000+0000
What are y‚Äôall thoughts on IShowSpeed?,2558.0,815,2022-04-10T02:06:43.636000+0000
ishowspeed lifting UCL trophy before Arsenal,533.0,73,2025-05-30T21:30:00.700000+0000
Ishowspeed,5.0,8,2025-04-11T16:40:09.501000+0000
What is your opinion of IShowSpeeds visit to China?,5.0,59,2025-04-08T09:42:34.301000+0000
IShowSpeed is featured in a commercial for a Chinese drinkable yogurt,74.0,14,2025-04-30T16:12:02.798000+0000
"Ishowspeed calls out camera man anti-China bs (6:15:30, context in the comments)",688.0,39,2025-03-30T21:35:42.062000+0000
Streamer IShowSpeed jumps over Devin Haney,1426.0,35,2025-03-29T21:40:07.773000+0000
Does iShowSpeed live in Cincinnati?,0.0,19,2024-07-22T20:31:30.574000+0000
ishowspeed unfollowing a Zionist live on stream (via a random insta reposter),1212.0,52,2025-04-01T08:44:56.524000+0000
Chaos at Somerset as hordes of fans rush to meet YouTuber IShowSpeed; police called in for crowd control,451.0,270,2024-09-25T08:13:43.810000+0000
Pitbull on lose while famous youtuber ishowspeed is present. Exactly what you expect,1493.0,80,2024-07-19T10:59:24.254000+0000
IShowSpeed i NORGEüá≥üá¥,383.0,445,2024-07-03T20:55:40.725000+0000
IShowSpeed's same reaction of Sarah's death on TLOU1 after 3 years üëÄ,556.0,62,2025-05-17T00:25:58.986000+0000
Why does he look like a Speed?,5396.0,100,2025-03-18T12:30:29.912000+0000
Ishowspeed is the new Michael Jackson,0.0,7,2024-10-19T18:27:48.144000+0000
Outjerked by Ishowspeed ,3535.0,60,2024-01-25T01:28:37.286000+0000
what are thoughts on ishowspeed travling to mongolia,117.0,45,2025-03-18T21:08:30.827000+0000
Even ISHOWSPEED agrees SOLO LEVELING is Peak üî•,545.0,99,2025-04-07T07:51:25.026000+0000
ishowspeed ,3751.0,90,2023-10-26T04:29:11.659000+0000
Did iShowSpeed finished streaming in China and is now heading towards Mongolia now?,53.0,23,2025-03-27T12:46:15.949000+0000
YouTuber IShowSpeed Seemingly Gets Permission to Stream 'One Piece' on His Channel,0.0,10,2025-01-07T14:10:07.770000+0000
IShowSpeed - Shake (KSI AI Cover),3758.0,104,2023-06-05T04:19:44.731000+0000
ishowspeed rule,7897.0,149,2022-03-14T06:06:13.413000+0000
ishowspeed getting roasted by bihari kids üíÄüíÄ,5284.0,368,2022-10-09T09:56:33.234000+0000
ishowspeed never went omegle after this incident üíÄ,7813.0,237,2022-10-09T10:00:40.233000+0000
Ishowspeed getting rickrolled,28934.0,283,2022-11-07T21:50:35.177000+0000
IShowSpeed‰øÇÂôâ‰øæ‰∫∫Áé©„ÄÇDon't say these word Canto learners.,91.0,45,2025-04-07T06:00:05.551000+0000
IShowSpeed watches 2 girls 1 cup,680.0,73,2025-03-22T02:11:23.175000+0000
Ishowspeed vs average boy of his age,28.0,37,2025-01-17T18:11:36.019000+0000
Commotion Around The Area IShowSpeed Was In,278.0,77,2025-04-05T03:12:46.962000+0000
5‚Äô8 IShowSpeed and 6‚Äô4 Hasan Piker,135.0,79,2024-12-08T15:56:24.394000+0000
streamer ‚ÄúiShowSpeed‚Äù jumps over leon edwards in china,2041.0,89,2025-03-27T06:43:57.045000+0000
China's CCTV13 aired an 8-minute special on IShowSpeed's tour through China,177.0,191,2025-04-06T11:26:42.942000+0000
Ishowspeed wearing souls headband,1351.0,23,2025-05-09T18:51:34.155000+0000
How did ishowspeed get so popular?,13.0,10,2025-03-15T14:13:29.887000+0000
Ishowspeed got banned üòîüò≠,2113.0,80,2024-01-07T14:09:18.435000+0000
REQUEST: The Black Khan of Mongolia (Ishowspeed),440.0,14,2025-04-14T17:21:34.084000+0000
Ishowspeed‚Äôs live chat exposed the gambling problem in Indonesia.,693.0,128,2024-09-22T09:21:53.905000+0000
What is ishowspeeds workout routine?,0.0,10,2024-08-18T08:06:47.075000+0000
How does ishowspeed get away with this ,40.0,23,2024-07-11T18:28:59.417000+0000
STREAM DE ISHOWSPEED,41.0,53,2025-01-29T23:58:31.952000+0000
IShowSpeed streamer encounters Racist,3173.0,165,2021-08-03T01:24:15.122000+0000
Ishowspeed deletes the stream where he promoted a crypto scam,1797.0,170,2022-11-21T20:35:42.743000+0000
"IShowSpeed Tweked on ksi during face off, this guy is freakin crazyy",2853.0,72,2023-12-12T22:54:08.353000+0000
"the YouTuber, IShowspeed is set to play for GWS in 2025",401.0,179,2024-11-22T03:08:40.707000+0000
iSHOWSPEED finally gets away from mob,244.0,530,2024-07-03T20:22:31.971000+0000
Is IShowSpeed replacing Tarkovsky!?,223.0,76,2024-09-01T16:50:12.973000+0000
Where does iShowSpeed rank all time?,1147.0,55,2024-12-30T17:04:59.972000+0000
Can we see Ishowspeed competing in 2028 Olympics?,0.0,34,2024-12-16T10:33:02.157000+0000
Ishowspeed banned from playing Valorant or any other Riot games for trash talking during a livestream.,2419.0,678,2022-04-07T16:53:17.459000+0000
ƒ∞showspeed: ‚ÄúSuriyeli‚Äônin T√ºrkiye‚Äôde ne i≈üi var?‚Äù,2510.0,119,2023-06-10T18:48:33.241000+0000
OOOooo IShowSpeed is totally paid by the Chinese goverment /S,736.0,50,2025-04-06T13:45:28.121000+0000
IShowSpeed stream in Ireland - an embarrassing circus,0.0,72,2024-07-19T13:20:23.321000+0000
IShowSpeed might not return for a part 4 in Papua due to the Yogyakarta experience.,321.0,218,2024-09-21T16:57:10.353000+0000
Ishowspeed fake injury?,0.0,7,2025-02-06T21:27:56.386000+0000
What's going on with IShowSpeed?,3.0,11,2025-04-08T01:12:59.027000+0000
"Is it just me? I seriously don't know about IShowSpeed until the CCP officials/shills constantly talk about his visit in China. Whether he is paid by the CCP or not, his contents are clearly made to build good image for PRC",87.0,184,2025-03-28T22:42:49.244000+0000
Ishowspeed goal edit(get speed to watch this),30.0,4,2025-03-08T19:16:02.682000+0000
IShowSpeed's visit to the Philippines (Left4Dead edition),777.0,84,2024-09-22T08:11:05.245000+0000
IShowSpeed visits the Shaolin temple,11.0,14,2025-03-28T20:49:48.894000+0000
Mi opinion del stream de IShowSpeed en Panama.,302.0,157,2025-01-18T20:43:30.513000+0000
Which country would you like ishowspeed to visit?,139.0,152,2025-04-06T05:19:46.586000+0000
iShowSpeed's bodyguard shoves a kid,0.0,29,2024-07-13T17:14:03.137000+0000
ishowspeed is coming to mongolia,148.0,94,2025-03-19T23:55:14.822000+0000
ishowspeed i Norge,368.0,301,2024-07-03T19:51:04.561000+0000
Do you watch and like ishowspeed? (1999 to 2004 borns),0.0,20,2024-06-13T09:58:28.927000+0000
"IshowSpeed strimuje w Polsce, ludzi za nim jakby papie≈º przyjecha≈Ç. ",638.0,144,2024-07-02T17:27:19.604000+0000
is ishowspeed the real mother of Ronaldo Jr?,2026.0,55,2024-05-29T16:19:24.995000+0000
Clearly the Thai guy was holding back. Ishowspeed shows up to Muay Thai gym in Bangkok and asked to spar the best guy,332.0,144,2024-09-09T15:08:22.516000+0000
¬øIshowspeed?,773.0,28,2025-04-01T13:14:15.488000+0000
"IShowSpeed completes Acheron, becoming the ninth victor of the hardest level in the game. GG!",1324.0,120,2023-08-25T06:11:17.549000+0000
Ano kaya mangyari pag pumunta si ishowspeed Dito...,586.0,129,2024-07-31T06:39:39.650000+0000
Ishowspeed performs Garbra,1192.0,141,2023-10-17T04:29:08.041000+0000
How many of you actually do care about meeting iShowSpeed when he lands in Singapore in a couple of days?,0.0,66,2024-09-17T10:16:53.043000+0000
Watching IShowSpeed play Clash Royale is just amazing.,2455.0,133,2022-02-26T06:45:25.197000+0000
IShowSpeed finally meets Cristiano Ronaldo,1461.0,229,2023-06-17T21:39:50.166000+0000
how do black people think of ishowspeedÔºü,1.0,42,2025-03-25T09:54:33.858000+0000
Why don't like Ishowspeed?,6.0,31,2025-04-15T01:48:22.159000+0000
Why can't IShowSpeed drink energy drinks or coffee?,61.0,33,2025-04-03T17:02:32.610000+0000
How IShowSpeed took over the world.,0.0,2,2025-03-13T13:24:02.982000+0000
A Chinese taunted IShowSpeed as an ape and fed him a banana.,250.0,94,2025-04-01T01:08:45.118000+0000
Question about the IShowSpeed Livestream: What‚Äôs Behind the Green Cup?,0.0,16,2024-09-09T11:31:50.989000+0000
I was today years old when I learned IShowSpeed is from Cincinnati,3.0,29,2024-07-04T01:59:18.204000+0000
"ISHOWSPEED 5'9, KSI 5'11",54.0,26,2025-05-01T10:07:45.389000+0000
IShowSpeed - Flying EHang 216 AAV eVTOL In Shenzhen China - First Streamer To Fly A Flying Car,129.0,129,2025-04-05T16:20:41.171000+0000
do yall think speed suits his new braids?!?!,162.0,80,2025-05-08T22:46:25.234000+0000
iShowSpeed coming to Bangladesh 2025 ,108.0,33,2024-12-28T08:07:11.961000+0000
why do people watch ishowspeed?,57.0,71,2024-08-22T11:11:41.860000+0000
Manny Pacquiao Checkmates IShowSpeed with Pawn,962.0,63,2024-09-12T13:23:10.980000+0000
ÂêåÂøó‰ª¨Â•Ω! IShowSpeed is learning how to inspect the troops now...,360.0,17,2025-04-04T18:58:51.135000+0000
"IShowSpeed face TierList cu »õƒÉrile unde a fƒÉcut Livestream √Æn Europa, »ôi pune Rom√¢nia »ôi Polonia pe prima pozi»õie!",528.0,118,2024-07-28T16:16:30.375000+0000
Ishowspeed at Uncle Roger‚Äôs restaurant in KL ,466.0,131,2024-09-17T12:57:28.880000+0000
They‚Äôre selling Ishowspeed hair on eBay! ,644.0,115,2024-07-05T08:05:26.965000+0000
IShowSpeed Magyarorsz√°gon - Guly√°s Ev√©se Keny√©rrel,360.0,207,2024-07-16T19:33:52.688000+0000
Ishowspeed,28.0,16,2024-07-01T20:05:08.071000+0000
"IShowSpeed was born, grew up, started streaming, got into football and still won a trophy before Harry Kane üò≥üèÜ",1363.0,16,2025-03-10T11:22:04.804000+0000
On ishowspeed's world cup final stream,8581.0,310,2022-12-18T16:09:38.922000+0000
When infamous streamer IShowSpeed visited Norway earlier today he spent 4 minutes in a souvenir shop before he was faced with this. Over the next hour and a half the situation developed for the worse. They shattered the window in the second picture.,8053.0,499,2024-07-03T23:28:51.465000+0000
Rip ishowspeed üò≠üò≠üò≠ üôè,1505.0,102,2024-01-09T17:19:25.706000+0000
"Lil Durk is dropping an album featuring Sabrina Carpenter, IShowSpeed, and Kai Cenat. Executive produced by Rod Wave",717.0,121,2024-10-01T18:54:23.675000+0000
KSI guarantees more viewers on his spar vs IShowSpeed than Jake Paul‚Äôs fight,859.0,123,2023-12-12T11:15:30.666000+0000
IShowSpeed fights in school ,453.0,24,2024-11-14T19:17:35.651000+0000
iShowSpeed Reacts to That Boat Scene in The Last of Us 2,108.0,15,2025-05-17T23:15:58.397000+0000
"I'm planning to start ishowspeed's Japanese translation channel soon, but I'm not sure if it's okay to use his live feed without permission.",26.0,32,2025-05-21T06:59:59.618000+0000
ishowspeed is inhuman he just jumped over 6'6 Suns SG Devin Booker recently on his livestream,827.0,25,2025-03-29T09:18:28.470000+0000
I know the suit guy,28.0,13,2025-03-26T04:49:21.423000+0000
The world's biggest streamer is coming to China as part of his irl livestream series. IShowSpeed has about 40 million subscribers on Youtube.,6.0,98,2025-03-19T05:18:41.642000+0000
W ISHOWSPEED L ISRAEL,1168.0,71,2024-03-12T10:52:09.918000+0000
ishowspeed is planning on playing RDR2 and not ending the stream until he finishes it,0.0,32,2025-01-05T23:09:38.902000+0000
IShowSpeed just realized Indonesia has the 4th biggest population in the world and most of them are chronically online,503.0,96,2024-09-18T14:22:09.268000+0000
YouTube streamer 'IShowSpeed' crashes Tuktuk into Temple,143.0,197,2024-09-09T15:45:25.793000+0000
Like father like son üëπ #ishowspeed,4446.0,48,2022-10-25T03:45:19.278000+0000
Ishowspeed abusing YouTube copyright strike (again),293.0,98,2024-07-08T10:35:49.047000+0000
My Final Reaction to iShowSpeed‚Äôs China Tour | Thank You for Letting Me Grow Here,7.0,3,2025-05-21T18:24:55.484000+0000
What do you think Harmony meant by saying ‚ÄòIShowSpeed is the new Tarkovsky‚Äô,43.0,41,2024-09-01T05:15:38.498000+0000
Does IShowSpeed have Aspergers?,0.0,1,2025-04-14T04:35:30.066000+0000
"IShowSpeed brushes AJ Brimson at Gold Coast theme parks in awkward encounter - Speed barely acknowledge Brimson, read his phone and continued singing the Scooby-Doo theme. Did not take the Jersey that was handed Brimson was offering him",141.0,175,2024-11-28T06:04:41.886000+0000
TIL Void Likes ishowspeed,961.0,56,2024-08-09T08:05:24.683000+0000
YT Streamer IshowSpeed gets bitten by Dog in South Korea,898.0,236,2024-05-15T12:31:49.488000+0000
"The real Sigma, Uncle.",549.0,40,2025-04-10T08:53:54.513000+0000
Ishowspeed dancing on Panjabi music,3947.0,228,2022-05-15T05:36:38.471000+0000
"What happened with iShowSpeed is basically Jerma's nightmare about flashing his stream, right? [DO NOT LOOK IT UP BTW /gen]",1145.0,99,2023-08-17T13:12:34.108000+0000
"Yesterday waving Kurdistan flag and today meeting the Albanian Prime Minister, how credible is Ishowspeed?",1237.0,50,2024-06-20T15:44:30.276000+0000
IShowSpeed promoting a shady crypto/metaverse project while giving away signed PS5s,7607.0,691,2022-11-16T20:02:14.718000+0000
A Cool Guide To The Most Subscribed YouTube Channel From Each State,5966.0,2129,2025-05-19T23:55:37.781000+0000
"JJ got smoked by speed in a race, no wonder why they call him ishowspeed",3920.0,157,2023-09-07T14:57:42.358000+0000
IShowSpeed's livestream in China accidentally SMASHED anti-China propaganda.,350.0,19,2025-03-29T10:40:34.807000+0000
SPEED LOOKALIKE FOUND IN AFRICA,0.0,12,2025-05-04T23:42:48.104000+0000
Speed tries indian foodüòã,274.0,28,2025-05-04T16:31:26.205000+0000
IShowSpeed Scammed a Marine.,151.0,131,2024-08-15T05:55:54.524000+0000
"iShowSpeed‚Äôs appearance at the 2025 Royal Rumble last night has surpassed 255,000,000 views across all WWE and Speed social platforms in the first 24 hours.",687.0,614,2025-02-03T14:24:15.253000+0000
Theresia has joined the Ishowspeed ahh face gang,746.0,23,2025-03-12T04:30:39.990000+0000
"China‚Äôs CCTV13 aired an 8-minute special today on Speed‚Äôs China tour, praising his streams for breaking stereotypes in his own way and showing a more multidimensional, authentic China through his lens",4408.0,378,2025-04-05T21:46:02.986000+0000
"Aka, ishowspeed. Entertainment for idiots",172.0,81,2025-04-04T00:51:20.734000+0000
Another song from the shoutout ishowspeed guy,60.0,15,2024-11-19T14:35:24.283000+0000
One of the best memes of JJK I've ever seen | Sukuna's Ishowspeed holding out laughter meme adaptation | by @REAL_SIXER121,1546.0,21,2024-09-13T08:34:46.090000+0000
IShowSpeed 1 hour irl stream with Zlatan Ibrahimovic,0.0,56,2024-07-11T10:25:42.819000+0000
iShowSpeed Argues with Indian,1352.0,108,2022-09-24T16:29:46.190000+0000
Ronaldo comments under ishowspeeds post and wishes him a happy Birthday üòÇ,1085.0,17,2025-01-23T01:10:05.686000+0000
Nagoshi has commented on pregnant ishowspeed,987.0,64,2024-06-03T02:02:17.680000+0000
This impersonator of Japanese cosplayer Chizu (left) attempted to smear the Japanese people by straight up saying racial slurs to IShowSpeed,390.0,48,2025-04-02T02:23:10.528000+0000
iShowSpeed & Cole Caufield,248.0,113,2024-06-14T19:13:34.428000+0000
Kid donates 500$ on ishowspeed's world cup final livestream,15342.0,489,2022-12-18T16:12:18.259000+0000
"A big Turkish media outlet disregards Hasan and says ""Twitch streamer ishowspeed raised 200k for turkey""",7014.0,452,2023-02-09T21:06:13.407000+0000
IShowSpeed melting down in a VALORANT game and gets mad a woman speaks to him,9511.0,1414,2022-04-07T01:04:55.830000+0000
Ac√° el Simio que le intento robar el micr√≥fono y la c√°mara a IShowSpeed en el Parque Rodo de Uruguay.,269.0,92,2025-01-25T22:18:51.338000+0000
I beat ishowspeed...!!üî•üî•,107.0,14,2023-09-29T18:55:47.136000+0000
Guy on trial for murder winks at the prosecutor,7051.0,343,2025-03-23T22:18:14.095000+0000
Ishowspeed meets the ‚ÄúKing‚Äù of Qatar,1824.0,191,2022-12-11T11:45:50.772000+0000
IShowSpeed in Norway,0.0,16,2024-07-04T11:37:09.613000+0000
"When one RKO wasn't enough, IShowSpeed get himself RKO'ed again on his recent live streaming",443.0,99,2024-04-13T23:57:40.932000+0000
What makes ishowspeed so hilarious ?,0.0,5,2025-05-22T02:56:36.695000+0000
IShowSpeed coming to New Zealand for a Down Under Tour üá≥üáø,0.0,26,2024-11-20T06:27:28.088000+0000
If IShowSpeed was on Garbage Pale Kids,362.0,34,2025-05-22T00:01:10.131000+0000
Ishowspeed hits the siu at the Royal Rumbleüò≠üò≠,844.0,22,2025-02-02T02:24:57.634000+0000
Tony from LC Sign cooked IShowSpeed by his marketing üíÄ,535.0,7,2025-04-02T18:05:41.023000+0000
New pic of yeat and ishowspeed,313.0,40,2024-12-13T20:57:28.099000+0000
IShowSpeed's Best Moments in China and Mongolia Tour,444.0,31,2025-04-19T07:23:51.828000+0000
Noah Samsen will host the Mr. Beast VS. IShowSpeed debate on Israel/Palestine,192.0,51,2025-05-21T02:56:03.231000+0000
IShowSpeed‚Äôs debut NZ stream kicked off‚Ä¶ by banging his head while free falling.,0.0,23,2024-11-24T06:48:17.547000+0000
About Ishowspeed being racist in China,99.0,93,2025-04-01T07:46:43.118000+0000
iShowSpeed just announced he‚Äôs visiting Morocco this year as part of his African tour - who do you think will be his local guide?,19.0,35,2025-03-26T03:57:19.521000+0000
Who's this guy?,54.0,28,2025-05-06T18:14:20.267000+0000
Ishowspeed Indonesia stream breaks youtube and my live chat becomes youtube,651.0,55,2024-09-18T13:28:31.061000+0000
"¬°HAGAN SUS PRONOSTICOS!, Como sera el recibimiento de IshowSpeed en Lima",84.0,129,2025-01-26T03:55:59.830000+0000
iShowSpeed in India,682.0,121,2023-10-12T11:54:49.787000+0000
Who is the women?,57.0,34,2025-04-07T20:52:38.034000+0000
YouTuber IShowSpeed gets punched by a Manchester City fan and gets owned by Bodyguard,606.0,170,2023-06-04T08:23:41.661000+0000
Ishowspeed,0.0,41,2024-07-21T00:07:16.155000+0000
Speed‚Äôs stream is breaking my mind,55.0,17,2025-04-06T18:37:23.524000+0000
Ishowspeed's Youtube rise was crazy,0.0,2,2023-11-01T22:11:41.886000+0000
LOGAN PAUL AND ISHOWSPEED ANNOUNCED! THEY WILL BE PLAYING ON YOUTUBE ALLSTARS!,186.0,85,2025-03-06T17:06:48.706000+0000
iShowSpeed is real-life Luffy,0.0,8,2025-05-29T03:28:14.405000+0000
Ishowspeed,3594.0,43,2022-07-05T21:24:45.609000+0000
Ishowspeed,1859.0,45,2023-08-17T12:29:59.855000+0000
Ishowspeed Yunan'a haddini bildiriyor.,2354.0,63,2022-06-19T16:19:49.134000+0000
Comment which country you think is next,43.0,46,2025-04-10T09:41:20.073000+0000
remember this guy?,70.0,21,2025-04-21T03:31:16.039000+0000
What do Africans think of Ishowspeed? Does he represent the overall culture well?,0.0,5,2025-04-23T21:44:11.652000+0000
"Where can I find Unc? Does he have social media, maybe chinese ones, does anyone know his name there?",184.0,12,2025-04-08T21:39:42.230000+0000
Ishowspeed should go to North korea next aftar China üá®üá≥üá∞üáµ,353.0,28,2025-03-24T21:20:29.188000+0000
every country and state Ishowspeed has been to so far,273.0,50,2025-04-02T03:57:41.413000+0000
IShowSpeed broke his bf's heart ,84.0,11,2024-06-29T01:29:12.776000+0000
Chinese Women says outrageous stuff to Speed / this shi is actually insane üò≠,1995.0,360,2025-03-31T09:37:25.059000+0000
How EVERY IShowSpeed Stream Be,1461.0,79,2022-08-31T17:32:06.055000+0000
Basically Ishowspeed,176.0,2,2025-04-11T08:06:30.987000+0000
"show this to ishowspeed <3 , tiktok:_xj3a",1756.0,66,2022-07-24T18:23:35.634000+0000
Ishowspeed reacts to ken carson (he dont like his music?) ,568.0,117,2023-09-25T20:34:36.684000+0000
Actors on Speed's Stream?,19.0,7,2025-04-05T09:27:25.981000+0000
ÊÄé‰πà‰ºöÊúâÈÇ£‰πàÂ§ö‰∏≠ÂõΩ‰∫∫Áü•ÈÅì IShowSpeed Áî≤‰∫¢Âì•Ôºå‰ªñÂú®‰∏≠ÂõΩÁÅ´ËøáÂêóÔºü,55.0,95,2025-04-03T01:43:28.724000+0000
anyone remember the twerknation28 song with ishowspeed,63.0,10,2025-04-01T02:17:59.006000+0000
Ishowspeed is in Mumbai.,557.0,133,2023-10-12T09:45:04.402000+0000
IShowSpeed Dies in Norway but its in Project Zomboid,1123.0,35,2024-07-05T15:20:35.568000+0000
IShowSpeed Life Story,1159.0,6,2025-02-11T12:53:34.746000+0000
frank ocean cosigns ishowspeed,621.0,57,2024-08-15T21:21:08.704000+0000
The italian who gave IShowSpeed a 30 minute standing ovation at the Venice Film festival has been revealed ,993.0,28,2024-09-02T00:04:22.462000+0000
Ishowspeed leaked my number bru üò≠,1487.0,50,2023-10-02T17:58:22.772000+0000
Genuine question: how did Speed‚Äôs love for Ronaldo start?,126.0,76,2025-01-23T17:33:58.079000+0000
"All I did was call IShowSpeed annoying lmao. Also, I picked a gender I'm not sure what he's on about",1515.0,72,2022-11-13T00:21:35.262000+0000
which a YouTuber and it's video that make you act like this??,3076.0,1124,2025-01-15T14:17:49.758000+0000
After Getting smashed Hard he's still Acting Tough For Fight,7469.0,245,2025-04-27T22:34:53.310000+0000
I Love how supportive Speed is when his brother hits a 100k Subs.,666.0,38,2025-05-11T08:49:49.372000+0000
Can we talk about what just happened,179.0,77,2025-03-31T09:49:00.862000+0000
"WATCH: Racist Hands IShowSpeed KFC Bucket With Banana, Makes Monkey Sounds",7.0,102,2025-04-02T07:04:23.791000+0000
I can't believe this is the actual average IShowSpeed fan lmfaooo,709.0,49,2024-07-06T17:23:43.656000+0000
"Debate: Out of these 6 Girlfriends, Which one was right for Speed and why?",74.0,101,2024-12-31T00:36:04.114000+0000
How long do yall think it would take IShowSpeed to become a death scythe??,209.0,12,2025-05-11T12:40:25.368000+0000
IShowSpeed will be at Bandai Card Games Fest for Championships,83.0,115,2025-01-04T18:19:09.206000+0000
"Biggest YouTube streamer iShowSpeed ""stole"" my video",0.0,5,2025-01-09T08:11:16.943000+0000
I show speed is the worst content out there,14.0,16,2024-06-06T15:36:50.009000+0000
Th·∫±ng ishowspeed ƒë·∫øn qu·ªëc gia ƒë√°ng s·ªëng nh·∫•t th·∫ø gi·ªõi.,136.0,138,2024-09-14T10:08:07.408000+0000
why aren't there more things from IShowSpeed on here?,0.0,3,2025-01-01T18:49:20.970000+0000
if ishowspeed actually come to brunei...,186.0,108,2024-09-17T13:18:00.561000+0000
Did I play ishowspeed?!,0.0,3,2025-03-17T10:32:55.603000+0000
Streamer IShowSpeed takes the Kylie Jenner lip challenge to another level *‚ö†Ô∏è screaming‚ö†Ô∏è*,873.0,117,2022-09-07T01:35:50.508000+0000
IShowSpeed —Ç–∞–Ω—Ü—É–≤–∞ —Ö–æ—Ä–æ –∏ —Ö–æ–¥–∏ –ø–æ –≤—ä–≥–ª–µ–Ω–∏,318.0,101,2024-07-11T20:03:06.961000+0000
"CaseOh vs IShowSpeed (YouTube vs YouTube) | ""The Next Big Thing""",28.0,6,2024-05-15T16:24:50.807000+0000
IShowSpeed does a backflip,0.0,32,2024-09-16T15:28:34.875000+0000
"Ishowspeed is coming to delhi tomorrow ,any idea he might end up coming in delhi ?",418.0,146,2023-10-12T15:10:58.387000+0000
IRL Streamer can't take No for an Answer ,6478.0,598,2024-06-28T22:05:46.000000+0000
IshowSpeed addresses the ''scam'' situation.,247.0,201,2022-11-17T17:27:07.015000+0000
Soda finds out about IShowSpeeds cats,744.0,60,2024-04-18T17:30:51.149000+0000
Ishowspeed Backflip challenge was inspiring! üíì,1.0,0,2025-05-30T07:58:30.256000+0000
"Haha Ishowspeed showed his willy... That's it, that's the whole joke",2172.0,60,2023-08-18T09:28:40.533000+0000
Think we all know who,1547.0,3890,2025-01-22T21:44:23.176000+0000
rule,9199.0,190,2025-03-29T16:28:20.189000+0000
How are we supposed to entertain Ishowspeed bruh,95.0,61,2025-04-05T16:04:29.683000+0000
What stream did he mention IShowSpeed getting the top inch of his head cut off with a wushu blade?,180.0,11,2025-05-08T20:40:27.842000+0000
"Unc, Master Liang, Changsha translator, and the boat passengers in Hong Kong are the real stars/heroes of Speed's China tour.",240.0,20,2025-04-07T15:29:13.987000+0000
No.,4267.0,177,2025-04-25T09:28:36.762000+0000
Whats up with iShowSpeed barking lol,0.0,8,2024-07-26T23:00:56.229000+0000
Where in China would speed visit,2489.0,349,2025-03-21T04:55:59.646000+0000
Ishowspeed Visited Countries (Updated October),0.0,14,2024-09-29T22:39:06.108000+0000
IShowSpeed,1156.0,171,2022-04-09T06:02:43.381000+0000
Rip ishowspeed üò≠üò≠üò≠ üôè,1030.0,94,2024-01-09T17:18:08.716000+0000
Since the recent IShowSpeed situation...,0.0,22,2023-08-18T12:31:06.898000+0000
Anyone know what car this is? It‚Äôs in a video with ishowspeed.,510.0,143,2023-03-07T16:16:33.166000+0000
Slave market in 1700s‚ò†Ô∏è,8205.0,458,2024-10-19T10:42:01.455000+0000
This guy is twisting and moving his body in unnatural ways üò≠üò≠ü§Ø,6038.0,514,2024-08-07T14:05:02.498000+0000
Ishowspeed,1100.0,118,2023-05-16T09:38:09.384000+0000
Nooooo Rip ishowspeed üò≠üò≠üò≠ üôè,1660.0,51,2024-01-09T17:20:02.452000+0000
I had a dream where Ishowspeed decided to play HOI4 and it went as you'd expect,3369.0,79,2022-08-16T11:57:43.511000+0000
No way is Ishowspeed in Marvel's Spiderman gameüò≠,0.0,38,2022-12-22T18:50:00.344000+0000
Ishowspeed when,2333.0,39,2023-08-29T21:33:29.176000+0000
"Jake Lucky received 1,500+ hate DMs for calling out IShowSpeed‚Äôs actions. They called him a racist.",3037.0,368,2022-04-09T05:49:10.526000+0000
Ishowspeed screaming in Lil Nas X's face,2840.0,62,2022-11-12T18:49:46.519000+0000
Wholesome ,56070.0,356,2024-04-09T03:36:05.440000+0000
"House of the Dragon boss says George R.R. Martin was ""unwilling"" to work with the show ""in a reasonable way""",4211.0,646,2025-03-31T19:18:16.586000+0000
"To the Lord JJ ""Fatneek"" Olatunji, we of the Reddit Realm have watched the Might Warrior, ISHOWSPEED, brutalize and embarass you. As such, we revoke your lordship for your shameful display, and demote you to servant for our new Lord, Vikkstar123.",3097.0,66,2022-09-25T05:04:29.548000+0000
Trump tells Adin Ross he wants to ‚Äòfire‚Äô Black journalist who grilled him onstage,18663.0,1482,2024-08-06T14:33:38.201000+0000
UPDATE: Publix Job interview at 3:30pm....,11548.0,599,2024-04-10T22:47:46.641000+0000
