Title,Video ID,Published At,Views,Category,Type
I Spent 14 Days In SouthEast Asia,PWKfvjh_5OY,7 months ago,0,,NORMAL
IShowSpeed Learns Hockey with Cole Caufield,quwYZt772Ng,11 months ago,4178200,,NORMAL
SPEED India VS Pakistan Cricket Match!,cWrjp78QebE,11 months ago,3202939,,NORMAL
iShowSpeed IN DISGUISE,22kRSaY51SE,11 months ago,4298074,,NORMAL
iShowSpeed vs CHEESE ROLLING,Mw096sNXh9w,1 year ago,3617635,,NORMAL
iShowSpeed‚Äôs Life In Koreaüá∞üá∑üá∞üáµ,Mra9vzMrtsw,1 year ago,4090622,,NORMAL
hi me in 1 year,qNImue9D28Q,1 year ago,1875918,,NORMAL
IShowSpeed at WWE Raw,xAPyVbRuAnI,1 year ago,1728519,,NORMAL
I SIGNED to MANCHESTER UNITED..,s-fY8QvIgNY,1 year ago,3041292,,NORMAL
IShowSpeed at WWE Wrestlemania..,06MlcC1T2vo,1 year ago,8094721,,NORMAL
i‚Äôm quitting youtube‚Ä¶..üíî,CgNd7lP1-NI,1 year ago,1618863,,NORMAL
I Bought My First Car‚Ä¶‚Ä¶,5j8V3wHw1ls,1 year ago,7227633,,NORMAL
"IShowSpeed - Seven (Official Music Video) {Prod - shonci, DJ Scheme, DJ Luan}",jZRVf1SRo8E,1 year ago,2132348,,NORMAL
IShowSpeed - Porrad√£o (Official Music Video) {Prod - shonci & DJ Scheme},APO1jzJnDwo,1 year ago,5997463,,NORMAL
IShowSpeed x Bandmanrill - Trip 2 Brazil (Official Music Video),Rrem1snhdRY,1 year ago,1195752,,NORMAL
IShowSpeed - Get Down (Official Music Video),dJ8FmiwDknY,1 year ago,3727531,,NORMAL
IShowSpeed x MC Kevin O Chris - Amar de (Official Music Video),4r3TkdiMtcw,1 year ago,6257772,,NORMAL
IShowSpeed - Monkey  (Official Music Video),fBqqz3hkXNs,1 year ago,6532556,,NORMAL
I Played Football with Ronaldo Jr.,8WZ-4JiwFIo,1 year ago,26053284,,NORMAL
Life In Brazilüáßüá∑,A0u8rgz4qlA,1 year ago,4753602,,NORMAL
Football Challenges: GOAT Edition,RESzustAH0c,1 year ago,2568543,,NORMAL
My Life In IndiaüáÆüá≥,WkMr5zNqgwM,1 year ago,6422242,,NORMAL
Hi Me In 3 Years,Ec18vXsDHYU,1 year ago,10486393,,NORMAL
the truth about the charity matchüíî,pSGK-WfI3wY,1 year ago,2702716,,NORMAL
idk manüíî,zBJYnWD5Ie4,1 year ago,9328741,,NORMAL
üíî,tcJmqS-oRkE,1 year ago,7008242,,NORMAL
i met neymar üáßüá∑,1_Bq5WjG930,1 year ago,5702795,,NORMAL
Life In Japan,D9XRVAqLD-8,1 year ago,4075641,,NORMAL
Life After I Met Ronaldo,8tpisTASqAE,1 year ago,2183457,,NORMAL
I Performed For the First time at Rolling loudüáµüáπ **EMOTIONAL**,xiP52BNP8s8,1 year ago,2818061,,NORMAL
IShowSpeed - Portuginies  (Official Music Video) {Prod. Dj Scheme},eIXMhnjbnxU,1 year ago,12062718,,NORMAL
june vlog,Wdd4cg5lFqw,1 year ago,1803572,,NORMAL
i met ronaldo üáµüáπ,Fiq9XMRr4jg,1 year ago,23980932,,NORMAL
The Kai N Speed Show... (Official Teaser),M8P8F6a9VAY,2 years ago,3425663,,NORMAL
IShowSpeed & Kai Cenat - Dogs (Official Music Video),aWKtAqIUEl4,2 years ago,13376318,,NORMAL
I Went To The Ronaldo Island‚Ä¶‚Ä¶,sHK03FstNZE,2 years ago,5277262,,NORMAL
i‚Äôm quitting youtubeüíî,_yRxMWMu_t4,2 years ago,3189798,,NORMAL
I Went Snowboarding...,XuamvHu-MXo,2 years ago,4208372,,NORMAL
i seen Ronaldo Vs Messi for the last time‚Ä¶..üíî,kw5jBjPzbCE,2 years ago,3572983,,NORMAL
My Life In The Middle East,Cl-7LhCjUew,2 years ago,4035293,,NORMAL
IShowSpeed - World Cup (Official Music Video),8n5dJwWXrbo,2 years ago,178428880,,NORMAL
Am I scary?,JTnjhsD7GCo,2 years ago,3563305,,NORMAL
My London Life,VPeii7rGD_s,2 years ago,4992130,,NORMAL
IShowSpeed - Ronaldo [SEWEY] (Official Music Video) {‚ÄúProd. DJ Telly Tellz‚Äù},o5nnBM3WH-Q,2 years ago,36643167,,NORMAL
IShowSpeed - God is Good (Official Music Video),KlPmi1YWizc,3 years ago,22355314,,NORMAL
i‚Äôm quitting youtube‚Ä¶.üíî,Hx0FwbKh2FY,3 years ago,4311157,,NORMAL
got booted,kcPBOWzKW94,3 years ago,1696329,,NORMAL
IShowSpeed - F.U.C. (Official Music Video) {Prod. syzy} (TWERKNATION28) @ShotBySlipz,VPhug8z_UUM,3 years ago,4047348,,NORMAL
IShowSpeed - Shake Pt.2  (Official Music Video)  {Prod. DJ Shawny} @ShotBySlipz,9OyT9SlKaFY,3 years ago,26934012,,NORMAL
yessir speedgang4L‚ù§Ô∏è,UxdUCYmh5oU,3 years ago,822561,,NORMAL
i can‚Äôt stream no moreüíî (help),cOQAAvT1RlA,3 years ago,1729251,,NORMAL
SCARY GAME FNAF + OMEGLE *RARE DELETED STREAM**,eZRYyi8rfIU,3 years ago,1859164,,NORMAL
IShowSpeed - One Piece (Official Music Video) {Prod. M4RSHALL},_NY3dYtWPcY,3 years ago,4137524,,NORMAL
IShowSpeed - I Dont Like You (Official Music Video) {Prod : Ronio},FFPSMcYsf1I,3 years ago,854317,,NORMAL
IShowSpeed & Yahnnis - How I Feel (Official Music Video) {Prod : RicoGotThatFye},0_GxhbN2Uow,3 years ago,752947,,NORMAL
IShowSpeed - Love In These Streets (Official Music Video),GEO6UvjSgjU,3 years ago,1700623,,NORMAL
IShowSpeed - Shake (Official Music Video),wYZux3BMc5k,3 years ago,227676271,,NORMAL
i‚Äôm apologize for all the crime i have committed,jJazmDfRAQA,3 years ago,418182,,NORMAL
ava came back **deleted stream**,6dMMET40I8M,3 years ago,2135376,,NORMAL
i gotta stopüíî,HLfnXkIatVY,3 years ago,534634,,NORMAL
IShowSpeed - NFL Freestyle (Official Music Video) @StreetShark00,hTJZ9cj7w_Q,3 years ago,3199053,,NORMAL
IShowSpeed - One More Chance (Official Audio),Ib2eJ8AAtwU,3 years ago,765186,,NORMAL
.,WLj1oJV381U,3 years ago,603128,,NORMAL
im quitting basketball,cH4mrYa91GA,3 years ago,275507,,NORMAL
bald,UbeKx5s3RGU,3 years ago,1017548,,NORMAL
IShowSpeed - Bounce That A$$ (Official Music Video),65ZbbS8Xa6w,3 years ago,24365953,,NORMAL
üíî,tsPNG_uqAqc,3 years ago,1020498,,NORMAL
why i‚Äôm not dating no more‚Ä¶..üíî,Z3Ci-zuW7kc,3 years ago,854003,,NORMAL
speed vs cash nasty irl basketball,r2VeR2xx6qg,3 years ago,2572084,,NORMAL
the truth‚Ä¶. am i homo,ZAgBbAbpUJY,3 years ago,1972437,,NORMAL
forcing bronny into submission,_kGlS94F43U,3 years ago,1242980,,NORMAL
IShowSpeed - Dooty Booty (Official Music Video) [Prod TgX],H4-EPbqExLA,3 years ago,7027212,,NORMAL
meet my new gf... *DELETED STREAM*,0fYuTiakRDM,3 years ago,2288226,,NORMAL
just please stopüíî **serious**,GQ8onQfSwWE,3 years ago,1144824,,NORMAL
IShowSpeed & Jay Cinco - Lying (Official Music Video),p-msbu0PX4g,3 years ago,4301506,,NORMAL
booted,1N1NwDIEOO8,3 years ago,338580,,NORMAL
sorry i might have to moveüíî,Hvr8AZS0hUw,3 years ago,545119,,NORMAL
speed vs adin & faze rug irl 1v1 basketball,H4z8y_2Ti50,3 years ago,2497688,,NORMAL
speed vs adin 1v1 basketball,fTYx-lOn-u4,3 years ago,5988569,,NORMAL
irl 1v1 basketball Vs my ex boyfriend girlfriend,pMuL982Qe60,3 years ago,392068,,NORMAL
irl 1v1 basketball,FC33nefuX1M,3 years ago,383250,,NORMAL
i failed y‚Äôallüíî,iUOXEYhhOfU,3 years ago,890691,,NORMAL
this is crazyüíî,F7h8DhFnoWc,3 years ago,304584,,NORMAL
this is really the endüíî.....i just can‚Äôt mono,nH8pgLCYTlY,3 years ago,248960,,NORMAL
my dad got exposedüíî,HfZ5YHiwtsw,3 years ago,711091,,NORMAL
i‚Äôm sorryüíî **update**,NiCL0e-UFUc,4 years ago,165626,,NORMAL
goodbyeüëãüèΩ,InKc2_Kg1x4,4 years ago,293057,,NORMAL
let my aunt rest in peaceüïäüíî,8NB5N23DMcc,4 years ago,256571,,NORMAL
i just found out i‚Äôm a famous meme on tiktok..üíî ‚ÄúJUST GIVE IT TO ME‚Äù,uTEbNWh2w94,4 years ago,587585,,NORMAL
MY $10000 GAMING SETUP TOURüëæ + ROOM TOURüõè! **room reveal**,bOQ8LyZiTlE,4 years ago,2230081,,NORMAL
bald,1-neUvMyGNs,4 years ago,15533595,,NORMAL
somebody just came up to me......,2jL5Vg36Ey0,4 years ago,166270,,NORMAL
people pullin up to my houseüíî,bEwAGukBg0U,4 years ago,601890,,NORMAL
i had to leave the house.....,LpkRGnB-Ies,4 years ago,212212,,NORMAL
she cheated on me......üíî,CQn11P46BEw,4 years ago,675478,,NORMAL
they think i‚Äôm crazy now‚úåüèΩ **cops called**,7ZHTg_bpK44,4 years ago,165632,,NORMAL
they say speed don‚Äôt get girlsüíî **gf reveal**,mzmK0qPxU9M,4 years ago,311289,,NORMAL
stopü§¶üèΩ‚Äç‚ôÇÔ∏è,--ar1_MSgIU,4 years ago,195418,,NORMAL
i got doxxedüíî,fuYlumDzCSU,4 years ago,372891,,NORMAL
Q&A.......? WHAT HAPPENED TO MY AUNTüíî? HOW OLD ARE YOU?,NZHI41EeV1c,4 years ago,413233,,NORMAL
i been having this problem since i was little......üíî,AgpgXANzRGE,4 years ago,937131,,NORMAL
i finnaly met ADIN ROSSüíî! **EMOTINAL**,eT2YfYQNqVc,4 years ago,230312,,NORMAL
my message.....‚úåüèΩ,rBgWIGShBSk,4 years ago,107957,,NORMAL
am i better than you at basketballüèÄ? **PROOF**,ab9nQcIZSUQ,4 years ago,275772,,NORMAL
whyüíî,Kz04xFynVgA,4 years ago,160915,,NORMAL
**HURRY BEFORE ITS PATCHED** RONNIE PUT A *NEW* VC GLITCH IN NBA2K21üßÄ! NEW UNLIMITED VC GLITCH NOW!,uksZiy_rYLw,4 years ago,58105,,NORMAL
my backflipüíî **sorry**,NMN_SCsrEF4,4 years ago,457710,,NORMAL
I MADE HIM CRYüò¢! 1v1 MY BROTHER FOR TALKINH SH*T (irl basketball)! **INTENSE**,LqYlYrIg7KM,4 years ago,514833,,NORMAL
pulling a famous tiktok girl numberü•∞ **proof**,BFOdZotsZZM,4 years ago,85208,,NORMAL
Mike Wang TOOK MY 50 GAME STREAK IN NBA2K21! I GOT BANNED BECAUSE OF THISüòî! **LIVE REACTION**,5rMcY05lf0c,4 years ago,39725,,NORMAL
the day i made somebody quit footballüíî? **sad**,9u6Kmos17eo,4 years ago,682555,,NORMAL
i took a showerüò¢,9awzWnAvRBk,4 years ago,172107,,NORMAL
i can‚Äôt believe i dunkedüò≥! **EMOTIONAL**,TUOblrjxWxQ,4 years ago,563899,,NORMAL
MY $10000 GAMING SETUPüëæ + HOUSE TOURüõè!,BuGZl83PSwI,4 years ago,202215,,NORMAL
IShowSpeed Vs SantannaDiffernt 1v1 WAGER $$$! SantannaDifffernt EXPOSEDüíî?  **INTENSE**,6njKZyb6frQ,4 years ago,44159,,NORMAL
they say speed cant hoopüèÄ?,rrVyB7o2hhc,4 years ago,1280814,,NORMAL
THEY SCAMMED ME OUT MY $1000 PS5.....üíî! CONFRONTED THE SCAMMER (LIVE)! **COPS CAME**,dWCDYrTRbSQ,4 years ago,69270,,NORMAL
I BEEN EXPOSED BY (TRULY BLESSED)........üíî! EXPOSING WHY I CRIEDüòî! **RAGE**,y5i4z0e1cro,4 years ago,27932,,NORMAL
DOING POST HOOKS IN REAL LIFE! POSTSCORES IN REAL LIFE irl NBA2K21  üíî! **REAL LIFE GAMEPLAY**,3zyjRVrqg5k,4 years ago,89277,,NORMAL
my girlfriend broke up with meüíî **LEAKED**,k-O3XVxrUYg,4 years ago,70227,,NORMAL
they say speed dont get girlsüíî **PROOF**,UmPGSaZbvL4,4 years ago,156169,,NORMAL
I GOT KICKED OUT THE XBOX COMMUNITY AFTER THIS IN NBA2K21üíî! THEY MADE ME BREAK MY XBOXüò°! **RAGE**,A62q6j0MTzA,4 years ago,35731,,NORMAL
UNBOXING MY NEW $5000 GAMING PC! (THEY SCAMMED ME)üòî!,J2XqXpAEhDQ,4 years ago,190891,,NORMAL
Q&A........HOW MUCH MONEY I MAKE? **DAUGHTER REVEALüíî**,DNiOLSkH94Q,4 years ago,149517,,NORMAL
IShowSpeed Vs THE BEST POSTSCORER ON XBOX (Drew) BO5 WAGER IN NBA2K21! XBOX Vs PLAYSTATIONüíî!,4NZG7O63VOk,4 years ago,20179,,NORMAL
*NEW* ANIMATION CANCEL GLITCH IN NBA2K21! *NEW* TUTORIAL ON ANIMATION GLITCHüßÄ!,9ysAd6G8iWQ,4 years ago,21971,,NORMAL
I WENT TO XBOX AS A POSTSCORER IN NBA2K21! XBOX HAS NO COMP OVER THEREüíî! **THEY BOOTED ME**,7GW9Abyexjg,4 years ago,28212,,NORMAL
I LET MY LITTLE BROTHER USE MY MODDED POSTSCORER ACCOUNT IN NBA2K21! **HE CRIED**üòî,qvjUUbT37sY,4 years ago,57100,,NORMAL
THE REAL REASON WHY I GOT KICKED OUT THE HOUSE...üíî!,hoBaZg0yZ3o,4 years ago,42140,,NORMAL
I LOST $500 DOLLARS FOR WAGERING ON MY GUARD IN NBA2K21üíî! GUARD MIGHT TAKE SKILLüòî! **EMOTIONAL**,_u407XcDpF4,4 years ago,28428,,NORMAL
THE FIRST LEGEND SLASHER TO DO THIS IN NBA2K21üßÄ! THIS *NEW* GLITCH IS GOING TO MAKE ME DO ITüíî!,W4kfTSj2q18,4 years ago,23589,,NORMAL
EXPOSING MY SECRET........üíî (REACTION),WfxFpUthhgU,4 years ago,29470,,NORMAL
I DID A $400 WAGER ON MY GUARD NBA2K21üòî! I MIGHT HAVE TO QUIT GUARD AFTER THAN THISüíî! (EMOTIONAL),xuWAsPbZQSs,4 years ago,16383,,NORMAL
NAME REVEALüíî.........SORRYüòî,QBCQ9czjoMQ,4 years ago,144055,,NORMAL
THE DAY I QUIT POSTSCORER....üíî! POSTSCORERS OFFICALY TAKE NO SKILL!,MwyOkF69M6A,4 years ago,23585,,NORMAL
2K LIED.........üíî! ZENS ARE BACK AND BETTER IN NBA2K21! NEW ZEN SCRIPT IS A CHEAT CODEüßÄ!,086kp9BJr1k,4 years ago,43554,,NORMAL
THEY FINNALY PATCHED POSTSCORERS IN NBA2K21üíî! RONNIE **CONFIRMED** THIS PATCH MADE ME QUITüò¢!,I_vcFMy4l7g,4 years ago,16552,,NORMAL
I GOT TO QUIT YOUTUBEüíî (IShowSpeed EXSPOSED) **REACTION**,EtgGLT72WkQ,4 years ago,20310,,NORMAL
*NEW* SELF ALLY-OOP GLITCH ON THE 1s COURT IN NBA2K21! SLASHERS HAVE A NEW GAME BREAKING MOVE üßÄ!,EKVhhA10LoQ,4 years ago,18763,,NORMAL
*NEW* PURE RED POSTSCORER BUILD IS A CHEAT CODE IN NBA2K21! THIS GLITCH NEEDS TO GET PATCHED NOWüßÄ!,ZAh2XGRuuCU,4 years ago,17085,,NORMAL
IShowSpeed RAGETAGE #2 NBA 2K21!,w901aaMkVa4,4 years ago,147160,,NORMAL
THE SAD TRUTH WHY I DONT PLAY GUARD...üíî **EMOTIONAL**,OJY8aVCJVQU,4 years ago,19292,,NORMAL
HOW I LOST MY V CARD STORYTIMEüëÄ (VIDEO INCLUDED),cxEmvbtzuJM,4 years ago,124634,,NORMAL
Ronnie GAVE A POSTSCORER A LOGO IN NBA2K21 LIVE ON STREAM ! #1 FIRST POSTSCORER TO GET A LOGO!,BN-BudwG6hQ,4 years ago,48888,,NORMAL
I WENT VIRAL ON WORLDSTAR & GOT KICKED OUT THE HOUSEüíî (STORYTIME)!  *VIDEO INCLUDED*,tTXeqLEuAX4,4 years ago,95964,,NORMAL
IM THINKING ABOUT DOING IT...üíî,cKc7BvCLDIU,4 years ago,17853,,NORMAL
MY GAMING SETUP TOURüëæ+ ROOM TOURüõå,srWJ_F5hMDI,4 years ago,54825,,NORMAL
I GOT SCAMMED BECAUSE IM A POSTSCORERüíî! THIS MADE ME QUIT POSTSCORER IN NBA2K21üò°! #SCAMMER,EeD3DhHYgoo,4 years ago,17548,,NORMAL
HE HAD A UNDERCOVER ZEN IN NBA2K21! THE MOST UNKOWN ZEN SCRIPT NOBODY HAS EVER SEEN THIS SCRIPTüßÄ!,cO83B8IO5Io,4 years ago,20234,,NORMAL
LOSE I LEFT THE COMMUNITY & QUIT POSTSCORER NBA2K21...üíî!   **CRIED**,S2NHZEOm98c,4 years ago,21799,,NORMAL
IM DONE YALL SICK ASF OMMüíî! **PROOF**,BPXO0Y8wqsA,4 years ago,116310,,NORMAL
THE BEST CRONUS *ZEN* SCRIPT I HAVE EVER SEEN  NBA2K21! EXCELLENT + DEFENSE SCRIPT IS UNSTOPPABLEüßÄ!,2T5QDG5J81E,4 years ago,16105,,NORMAL
MY LAST POSTSCORER BUILD IN NBA2K21üíî! **VERY EMOTIONAL**,E2W2q2ADE_o,4 years ago,13650,,NORMAL
THIS *NEW* PLAYMAKING POSTSCORER IS UNSTOPPABLEüßÄ IN NBA2K21! SPEEDBOOSTING POSTSCORER 99 SPEEDüßÄ!,M6niHjlr2T8,4 years ago,11262,,NORMAL
I GOT EXPOSED........üò¢?,QQ8u8ZcCi-0,4 years ago,10753,,NORMAL
*NEW* DOUBLE POSTHOOK GLITCH IN NBA 2K21! 2 POSTHOOKS AT THE SAME TIME! POSTSCORER ARE NOW BROKENüßÄ!,q_qVIebFRBI,4 years ago,10306,,NORMAL
THE CRONUS ZEN IS NOW WORKING ON POSTSCORERS IN NBA 2K21! THIS SECRET POSTSCORER SCRIPT IS CHEESYüßÄ!,CAsw8mnknAk,4 years ago,15322,,NORMAL
I PULLED UP ON A STEAMER USING THE HOMEMADE ZEN IN NBA2K21! RUBBERBAND ZEN METHOD CANT BE STOPPEDüßÄ!,qBTrw0vRgq0,4 years ago,36982,,NORMAL
THIS *NEW* SLITHERY (GLITCH) NEEDS TO GET PATCHED IN NBA2K21! EVREY SLASHER IS DOING THIS GLITCHüßÄ!,liwcniJ2zIE,4 years ago,8508,,NORMAL
*NEW* JUMPSHOT GLITCH FOR POSTSCORERS IN NBA2K21! *NO ZEN NEEDED* THIS GLITCH NEED TO GET PATCHEDüßÄ!,NTmUh8fVrFM,4 years ago,15488,,NORMAL
POSTSCORER & ZEN USER GOES TO THE COMP STAGE IN NBA2K21! MODDED CONTROLLER & POSTHOOKS *GLITCHüßÄ,e1LHWBTpTdk,4 years ago,6877,,NORMAL
THIS POSTSCORER DID THE *NEW* HOP STEP (GLITCH) IN NBA2K21! THIS MOVE IS UNSTOPPABLEüßÄ!,2FTIpdYlKWk,4 years ago,7393,,NORMAL
POSTSCORERS ARE NOT GOOD ANYMORE...üíî! THIS UKNOWN BUILD IS TAKING OVER POSTSCORERS IN NBA 2K21üßÄ!,Diq5ft6VJNo,4 years ago,10511,,NORMAL
MOST CHEAPEST CONSOLE STREAMING PC FOR ONLY $200 IN 2021! BEST STREAMING SET UP FOR PS4/XBOX/PS5/!,kZU8nIl45uE,4 years ago,48316,,NORMAL
FIRST EVER DEMIGOD POSTSCORER BUILD IN NBA2K21! THIS POSTSCORER IS A CHEAT CODEüßÄ! *ZEN GAMEPLAY*,198gZeFWRHE,4 years ago,7652,,NORMAL
THIS 6‚Äô5 MIDGET POSTSCORER IS A GLITCH IN NBA2K21! SPEEDBOOSTING POSTSCORER ARE BACK IN NBA2K21!,QiUFReWf8xY,4 years ago,13096,,NORMAL
*NEW* BUILD THATS MORE TOXIC THAN A POSTSCORER IN NBA2K21! POSTSCORERS ARE USELESS ON THE 1s COURT!,ZMRx-uBpMpY,4 years ago,7641,,NORMAL
NBA 2K21 POSTSCORER MIXTAPE #1üè≥Ô∏è‚Äçüåà! BEST POSTSCORER ON NBA 2K21üòàBEST POSTSCORER ANIMATIONS *ZEN*!,0PgrreNhyG4,4 years ago,9721,,NORMAL
I MADE A HOMEMADE ZEN AND USED IT ON MY POSTSCORER IN NBA2K21! THIS RUBBERBAND METHOD TUTORIALüßÄ!,q9LhJ3W9UAo,4 years ago,165716,,NORMAL
I WENT BACK TO THE COMPSTAGE ON NBA2K19 ON MY 98 OVERALL 7‚Äô3 POSTSCORER SLASHER! COMPSTAGE GAMEPLAY!,EUEN6t5wX7U,4 years ago,6844,,NORMAL
TROLLING TOXIC 9 YEAR OLD STREAMER USING A MODDED POSTSCORER ACCOUNT IN NBA2K21! THE ACCOUNT HACKED!,Ec3xgYyHw3g,4 years ago,7833,,NORMAL
TOP REP LEGEND POSTSCORER GETS EXPOSED IN NBA2K21? FIRST LEGEND POSTSCORER PULLS UP ON 50 STREAK!,edoDmzWMmxY,4 years ago,6419,,NORMAL
THE SHARPSHOOTING POSTSCORER BUILD IS BACK IN NBA 2K21! MIGHT BE THE BEST POSTSCORER BUILD EVER!,A6dasMKWR2A,4 years ago,6599,,NORMAL
THIS *NEW* GLITCH LETS YOU HAVE A ZEN FOR FREE IN NBA2K21! MODDED CONTROLLER ON LAYUPS GLITCHüßÄ!,B7rc0eFNtn4,4 years ago,7815,,NORMAL
THIS 5‚Äô7 POSTSCORER BUILD IS A CHEAT CODE IN NBA2K21! MIDGET POSTSCORER GLITCH IS UNSTOPPABLE!,tirDUzxXKss,4 years ago,7693,,NORMAL
THE SAD TRUTH ABOUT POSTSCORERS IN NBA2K21üíî! I QUIT BEING A POSTSCORER IN NBA2K21üò™! *SECRET TRUTH*,_YiVaP-yOcM,4 years ago,6183,,NORMAL
I USED A MODDED POSTSCORER ACCOUNT TO DROP A 100 GAME STREAK IN NBA2K21! USING A ZEN ON  POSTSCORER!,RCqwaJvwxGQ,4 years ago,11992,,NORMAL
IShowSpeed Vs PostHooking $500 POT WAGER IN NBA 2K21! DID HE REALLY LEAVE THE 2K COMMUNITY?,axZgwO8Z2vg,4 years ago,67499,,NORMAL
Q&A........AM I A VIRGIN? HOW OLD ARE YOU? ARE POSTSCORERS GAYüè≥Ô∏è‚Äçüåà?,OMvPUvVks1g,4 years ago,150974,,NORMAL
I UNLOCKED A SECRET POST HOOK GLITCH IN NBA 2K21! WHY HAS NOBODY BEEN USING THIS GLITCHY POSTHOOK!,HLf77K2epG8,4 years ago,8218,,NORMAL
THIS *NEW* GLITCH IS UNSTOPPABLE IN NBA 2K21! IS HE USING A ZEN ON A POSTSCORER IS HE CHEATING?,-NZgyL2mqpA,4 years ago,7535,,NORMAL
STREAMER GETS CAUGHT USING A ZEN SO I PULLED UP ON MY MODDED POSTSCORER IN NBA 2K21!,8SECtG4k0sI,4 years ago,15824,,NORMAL
So The BEST 9 Year Old POSTSCORER Challenged me to a 1v1 in NBA 2K21 TOXIC! (HIS DAD CAME IN)..!,Fyh8lkc-WtE,4 years ago,8261,,NORMAL
HE MIGHT BE THE BEST POSTSCORER! THE MOST COMP POSTSCORER I‚ÄôVE PLAYED IN NBA 2K21 (70 STREAK)!,fOwRHiAxFjk,4 years ago,5948,,NORMAL
MO BUCKETS EXSPOSED! BEST POSTSCORER DROPPS OFF THE BEST OLD HEAD IN NEXT GEN NBA 2K21!,AvNAUb5x3M8,4 years ago,8873,,NORMAL
I PLAYED GUARD FOR THE FIRST TIME IN NBA 2K21! POSTSCORER TAKES MORE SKILL THAN GUARD IN NBA 2K21!,nHFf13bZmLM,4 years ago,6047,,NORMAL
POSTSCORER GUARD BUILD THAN CAN SPEEDBOOST IN NEXT GEN NBA 2K21üßÄ! BEST POSTSCORER BUILD IN NEXT GEN,2v65wJVeygo,4 years ago,7699,,NORMAL
THIS POSTSCORER DID THE *NEW* SCREEN GLITCH IN NBA 2K21! POSTSCORERS ARE USING SCREEENS NOW *TOXIC*!,cn_egfT_TX8,4 years ago,7912,,NORMAL
SantanaDifferent EXSPOSED? TOP CLAN (SMG) PULLED UP ON THE BEST POSTSCORER IN NBA 2K21!,TT1KH-Enjgc,4 years ago,8461,,NORMAL
MIDGET POSTSCORER GLITCH IS BACK IN NEXT GEN NBA 2K21! THIS MIGHT BE THE BEST POSTSCORER BUILD!,9lQYL9VcskI,4 years ago,6838,,NORMAL
I WENT BACK TO NBA 2K19 AS A POSTSCORER AND THIS HAPPENED! ARE POSTHOOKS STILL GOOD UN NBA 2K19?,TywzZXKBqSU,4 years ago,6003,,NORMAL
TROLLING THIS 40 YEAR OLD DAD IN NBA 2K21! IM NOT THE BEST POSTSCORER ANYMOREüíî!,BjeTjG8Ra-k,4 years ago,6610,,NORMAL
I TRIED OUT FOR THE  #1 TIK TOK CLAN ON A POSTSCORER IN NBA 2K21!,FufUpwUvgEs,4 years ago,6124,,NORMAL
THIS MAKES ME WANT TO QUIT POSTSCORER IN NBA 2K21..........üíî! #stopbullying,Abk_E_dShy4,4 years ago,6792,,NORMAL
I TROLLED STREAMERS USING A MODDED POSTSCORER ACCOUNT IN NBA 2K21! USING A ZEN FOR POSTHOOKS IN NBA!,nXyY3zaBFe4,4 years ago,9719,,NORMAL
THIS MIGHT BE THE MOST TOXIC BUILD IN NBA 2K21! *NEVER SEEN BEFORE BUILD* IN NBA 2K21!,5sMgViZu3io,4 years ago,7840,,NORMAL
PEOPLE ARE STILL DOING THIS GLITCH IN NBA 2K21! ITS UNGUARDABLE IN CURRENT GEN NBA 2K21!,bOKhaA4KVf4,4 years ago,5983,,NORMAL
I MIGHT QUIT POSTSCORER AFTER THIS GAME IN NEXT GEN NBA 2K21...üò™! I CANT NEVER GET RESPECT!,sF18dxR-FrQ,4 years ago,5368,,NORMAL
GUARDS ARE BETTER THAN POSTSCORER ON THE 1s COURT IN NEXT GEN NBA 2K21!,y6PNj49XdPA,4 years ago,4274,,NORMAL
STREAMER BREAKS CONTROLLER  BECAUSE OF MY POSTSCORER IN NEXT GEN NBA 2K21! MOST TOXIC STREAMER EVER!,lcPnihSTDzY,4 years ago,9704,,NORMAL
THIS 6‚Äô7 DEMIGOD BUILD NEEDS TO GET PATCHED NEXT GEN NBA 2K21 NOWüò§! THIS BUILD CANT BE GUARDED!,jSVOeRty6k0,4 years ago,4558,,NORMAL
I RETURNED TO NBA2K20 AS A LEGEND POSTSCORER AND THIS HAPPENED! THIS BUILD NEVER TOOK SKILL IN 2K20!,ubz2lbF15B4,4 years ago,8812,,NORMAL
POSTSCORERS GOT PATCHED IN NEXT GEN NBA 2K21üíî! POSTSCORERS ARE USELESS ON THE 1s COURT IN NBA 2K21!,ePcQhuLziZE,4 years ago,5323,,NORMAL
HOW TO BECOME A COMP POSTSCORER IN NEXT GEN NBA2K21!BEST POSTHOOK! *HANDCAM* + BEST POST ANIMATIONS!,i5PJxIlVAd4,4 years ago,14758,,NORMAL
2K ADDED THIS GLITCH FOR POSTSCORERS IN NBA 2K21! CURRENT GEN POSTSCORERS TAKE NO SKILL AFTER THIS!,w90BkP9HpsM,4 years ago,8315,,NORMAL
TOXIC STREAMER COULDNT BELIEVE MY POST HOOKS! I WAS USING A MODDED CONTROLLER IN NBA 2K21 *RAGE* !,yMbsMXYnFlk,4 years ago,7145,,NORMAL
I WENT BACK TO CURRENT GEN AND PLAYED THE TOP TOP POSCORER IN NBA 2K21! THE FIRST LEGEND POSTSCORER!,heLsaiqKdjw,4 years ago,7010,,NORMAL
iRunYew EXSPOSED ‚ÄúDRIBBLE GOD‚Äù! BEST POSTSCORER DROPPS OFF THE BEST DRIBBLER IN NEXT GEN NBA 2K21!,mbwBAYD38NU,4 years ago,9373,,NORMAL
I WAGERED A POSTSCORER IN NEXT GEN NBA 2K21 FOR $500üíî! WHY YOU SHOULD NEVER WAGER POSTSCORERS!,N5a4sm2XUws,4 years ago,4792,,NORMAL
IM QUITTINGüíîüíî,7JDNwG__0ak,4 years ago,20056,,NORMAL
POSTHOOKS ARE USELESS NOW! THIS SECRET BADGE IS THE NEW META FOR POSTSCORERS IN NEXT GEN NBA 2K21!,cPSAHObT3ac,4 years ago,6552,,NORMAL
THIS GLITCH NEEDS TO GET PATCHED NOW IN NBA 2K21 NEXT GEN! IT TAKES NO SKILL TO DO THIS NBA 2K21 NG!,PE1spahlaPc,4 years ago,4258,,NORMAL
MODDED CONTROLLERS ARE BACK IN NEXT GEN NBA 2K21! ZEN/STRIKEPACK CAN BE USED ON THE PS5/XBOX SERIES!,0OwRt4-18i0,4 years ago,43432,,NORMAL
WHY ISO TAKES NO SKILL IN NEXT GEN NBA 2K21! POST HOOKS VS ISO IN NBA 2K21 NEXT GEN!,Qcu2pE6aKFg,4 years ago,5157,,NORMAL
BEST POSTSCORER BUILD FOR NEXT GEN NBA 2K21! NEVER MISS A POST HOOK WITH THIS BUILD!,Acw5Baxl0RM,4 years ago,13076,,NORMAL
FIRST TIME PLAYING A POSTSCORER IN NEXT GEN NBA 2K21 ON THE NEW 1 s COURT! COMP 1v1 GAMEPLAY!,l07Ubns4XeQ,4 years ago,6712,,NORMAL
IM THE FIRST POSTSCORER TO DO THIS IN NEXT GEN NBA2K21! COMP POSTSCORER DROPP OFF STREAK IN NBA2K21!,ec_MTmA57zg,4 years ago,5982,,NORMAL
POSTSCORER IN NEXT GEN NBA 2K21........! ARE POST HOOKS STILL TOXIC?,vezODMofIMc,4 years ago,11724,,NORMAL
THIS MIGHT BE THE BEST POSTSCORER BUILD IN NEXT GEN NBA 2K21! NEW WAVE FOR POSTSCORERS IN NEXT GEN!,AKuF45Ampdg,4 years ago,8003,,NORMAL
GUARD USES MODDED CONTROLLER TO BEAT POSTSCORER IN NBA 2K21! GUARDS USES ZEN ON THE 1v1 COURT!,C3PBqrg2ORM,4 years ago,4898,,NORMAL
GUARDS ARE USING THIS GLITCH TO BEAT CENTERS IN NBA 2K21! GUARDS ARE TOXIC WITH THIS CHEESY MOVE!,Y0DOdsLD4os,4 years ago,4259,,NORMAL
I PLAYED THE MOST UNDERRATED POSTSCORER IN NBA 2K21! BEST POSTSCORER HAD TO ACTUALLY TRY IN A GAME!,3P40b7483H4,4 years ago,4718,,NORMAL
THIS POSTSCORER DID THE *NEW* FADE GLITCH IN NBA 2K21! FADE GLITCH IS UNSTOPPABLE IN NBA 2K21!,7sm010FScao,4 years ago,8579,,NORMAL
THIS NEW SLAHER MOVE IS TOXIC IN NBA 2K21! SLASHERS ARE NOW UNSTOPPABLE ON THE 1v1 COURT!,fZidyKsAwUI,4 years ago,4554,,NORMAL
HES THE FIRST POSTSCORER TO MASTER POST HOOK 2 IN NBA 2K21! POSTSCORER USES RARE POST HOOK IN STAGE!,ek8hHwI0pDY,4 years ago,5400,,NORMAL
THE BEST SLASHER I PLAYED IN NBA 2k21! NEVER SEEN A SLASHER DID THIS BEFORE!,KXR-eYJpOM4,4 years ago,4801,,NORMAL
DOES POSTSCORERS REALLY TAKE SKILL IN NBA 2K21? POSTSCORER HAS NO SKILL GAP!,7VmijJMdN4s,4 years ago,4257,,NORMAL
THIS NEEDS TO GET NERFED IN NBA 2K21! THIS POSTSCORER FOUND A NEW META TO GREEN EVREYTIME!,sm9b0Kik7wQ,4 years ago,4259,,NORMAL
THE FISRT GUARD TO GO ON A HUGE WINSTREAK IN NBA 2K21! POSTSCORER DROPPS OF THE BEST 1s GUARD!,YUxPkKlonVU,4 years ago,4260,,NORMAL
Q&A.........AM I A VIRGIN? WHY ARE YOU A POSTSCORER?,Njk6j0ef3QM,4 years ago,122714,,NORMAL
NEVER MISS A POST HOOK AFTER DOING THIS! WHY POST HOOKS NEED TO BE NERFED IN NBA 2K21!,QGULhisgcOc,4 years ago,16071,,NORMAL
NO OTHER POSTSCORER CAN DO THIS IN NBA 2K21! THE BEST POST SCORER TO LOCK UP GUARDS IN 2K HISTORY!,NgWZH3KC85A,4 years ago,4259,,NORMAL
ISO VS POSTHOOKS IN NBA 2K21! WHICH ONE TAKES MORE SKILL IN NBA 2K21!,q2p-g0kUQL4,4 years ago,4255,,NORMAL
POSTHOOKS CAN BE STOPPED BY GUARDS NOW IN NBA 2K21! THIS BUILD CAN GUARD POST HOOKS BEING 6‚Äô4!,uJQGceBYXbk,4 years ago,6352,,NORMAL
WHY YOU NEVER LET YOUR GUARD DOWN PLAYING A POSTSCORER IN NBA 2K21! FIRST TIME GETTIN OUTPLAYED!,PI3Yx23slEc,4 years ago,4257,,NORMAL
THIS BUILD TAKES NO SKILL AT ALL IN NBA 2K21! POSTSCORERS TAKES MORW SKILL THAN THIS BUILD!,Q7Rv6u8R7Zw,4 years ago,8439,,NORMAL
WHY GUARD HAVE A ADVANTAGE AGAINST POSTSCORERS IN NBA 2K21 1s COURT! GUARDS RUN THE 1v1 COURT!,dru6kj8JIdA,4 years ago,4263,,NORMAL
I CAME BACK TO NBA 2K20 AS A POSTSCORER! WHY NBA 2K20 POSTSCORER IS BETTER THAN NBA 2K21!,JVNPyOrq-_s,4 years ago,6153,,NORMAL
HES THE FIRST POSTSCORER TO DO THIS IN NBA 2K21! NOBODY EVER DID THIS!,I-zKqMMwyxc,4 years ago,7431,,NORMAL
THE ONLY GOOD POSTSCORER I PLAYED IN NBA 2K21! COMP STAGE GAMELAY 1v1 GAMPLAY IN NBA 2K21!,f_LCpp8rTt4,4 years ago,4373,,NORMAL
THE WORST POSTSCORER BUILD IN NBA 2K21! WHY YOU CANT WIN WITH THIS POSTSCORER BUILD!,cMV3MaomicE,4 years ago,7855,,NORMAL
2K HAS TO PATCH THIS POSTSCORER BUILD IN NBA 2K21! THIS MIDGET POSTSCORER BUILD IS A OP IN NBA 2K21!,WSEm8jhsPqg,4 years ago,9073,,NORMAL
IS THIS SKILL OR MODDED CONTROLLER!? PEOPLE USING ZEN DURING THE BASKETBALL GODZ EVENT!,uWQEyvRiSMo,4 years ago,5063,,NORMAL
HOW TO WIN BASKETBALL GODZ WITH A POSTSCORER IN NBA 2K21! BEST LINEUP YO WIN BBG IN NBA 2K21!,jqQK4Mg6gPE,4 years ago,4281,,NORMAL
WHY ITS A SKILL GAP PLAYING POSTSCORER IN NBA 2K21! FAKE COMP POSTSCORER GETS EXSPOSED UN NBA 2K21!,TKPYU60diVk,4 years ago,4260,,NORMAL
POSTSCORER EXSPOSED FOR USING MODDED CONTROLLER! BEST POSTSCORER DROPPS OFF CHEATEE IN NBA 2K21!,YMaFxHWWm3A,4 years ago,9455,,NORMAL
THE ONLY BUILD THAT CAN STOP POSTSCORERS IN NBA 2K21! 99 INTERIOR DEFENSE HAS THE BEST DEFENSE!,4mZin2GiWbE,4 years ago,5583,,NORMAL
FIRST POSTSCORER TO WIN RUSH 3v3 EVENT IN 2k HISTORY! BEST POSTSCORER IN NBA 2K21 WINS RUSH EVENT!,-TlbElfVJxI,4 years ago,5357,,NORMAL
DROPPED TOXIC POSTSCORER OFF A 55 GAME WIN STREAK! BEST POSTSCORER  DROPS A HUGE WIN STREAK OFF!,QfiVYiM1-9E,4 years ago,6253,,NORMAL
*BEST* LOCK BUILD  WHEN RUNNING POST-LOCK LINE UP ON NBA 2K21! BEST LOCK BUILD FOR COMP SATGE!,mIUm_3__bPI,4 years ago,5573,,NORMAL
TOXIC OLD HEAD SENEROUS EXSPOSED BY THE BEST POSTSCORER! DROPPS OF OLD HEAD IN NBA 2K21!,K73I7MJN-tg,4 years ago,7819,,NORMAL
*NEW* FREE TATTOO GLITCH IN NBA 2K21 AFTER PATCH 1.03! UNLIMITED TATTO GLITCH!,axkorssO_P8,4 years ago,7139,,NORMAL
I BEAT THE MOST TOXIC POSTSCORER BUILD IN NBA 2K21! COMP STAGE GAMEPLAY 1v1 IN NBA 2K21!,kqlhEJ1FKBk,4 years ago,4258,,NORMAL
IShowSpeed vs Posthoooking B05! BEST POSTSCORER SERIES OF ALL TIME IN NBA 2K21!,zGv96InK-DI,4 years ago,6135,,NORMAL
I GOT TERMINATED ON YOUTUBEüíî! HELP RIGHT NOW!!!!!,is4t78pnQM0,4 years ago,128043,,NORMAL
FIRST TIME FEELING HOW IT FEELS TO GET POST HOOK TOXIC LINE UP EVER IN NBA 2K21! *TOXIC GAMEPLAY*,7IzBV2MUanU,4 years ago,12218,,NORMAL
THE MOST TOXIC LINE UP ON 3s COURT IN NBA 2K21 NO SKILL! 3 CENTERS ON THE 3s COURT IN NBA 2K21!,nL47o6Su6iU,4 years ago,5008,,NORMAL
2k STILL HAVEN‚ÄôT PATCH THESE BUILDS IN NBA 2K21! TAKES NO SKILL TO USE THIS BUILD IN MBA 2K21!,cc3eFyVzh7Y,4 years ago,4504,,NORMAL
*NEW* BEST 6‚Äô9 POSTSCORER BULD WITH A 99 POST HOOK IN NBA 2K21! BEST POSTSCORER BUILD AFTER PATCH 4!,28ncq613DMg,4 years ago,7869,,NORMAL
STOPPING TOXIC POST HOOKS IN A COMP SERIES NBA2K21üîí! COMP STAGE POSTSCORER GAMEPLAY IN NBA 2K21!,ANZ8GTzm2bo,4 years ago,4256,,NORMAL
HOW TO BEAT TOXIC LINE UPS IN STAGE NBA 2K21! COMP STAGE GAMEPLAY IN NBA 2K21!,kMcp4Al9bVY,4 years ago,4262,,NORMAL
THIS SECRET POSTSCORER BUILD IS TOO OP IN NBA 2K21! THIS BUILD IS GOUNG TO TAKE OVER IN NBA 2K21!,AmIkz-gcJqI,4 years ago,4506,,NORMAL
NEVER GIVE UP IN COMP STAGE 1v1 GAMEPLAY IN NBA 2K21! BEST COMEBACK IN POSTSCORER HISTORY EVER!,HG4bpFO2UPg,4 years ago,4371,,NORMAL
COMP POSTSCORER GETS COCKY AND IT BACKFIRES! BEST POSTSCORER IN NBA 2K21!,2ltKrtp5Tmo,4 years ago,6317,,NORMAL
2k NEED TO FIX INTERIOR DEFENSE IN NBA 2K21! POSTSCORERS ARE ABUSING THIS CHEESE IN NBA 2K21!,zhWNYbmmrXk,4 years ago,4259,,NORMAL
ZULIEE EXSPOSED FOR USING MODDED CONTROLLER! BEST POSTSCORER GOES AGAINST HACKER ZULLIE IN NBA 2K21!,XkGB1A9fT3g,4 years ago,8251,,NORMAL
AVERAGE POSTSCORER VS COMP POSTSCORER IN COMP STAGE 1v1! THE BEST POSTSCORER IN NBA 2K21!,fGusFovxeAU,4 years ago,4255,,NORMAL
MO BUCKETS EXSPOSED! BEST POSTSCORER DROPPS OFF THE BEST OLD HEAD IN NBA 2K21!,xvpI5emM6bg,4 years ago,11137,,NORMAL
THE TENDENCY GLITCH IN NBA 2K21! BEST POSTSCORER GOES AGAINT A CHEATER IN NBA 2K21!,boQtDcqY0_c,4 years ago,18896,,NORMAL
BEST POSTSCORER VS BEST SLASHER! WHICH ONE TAKES MORE SKILL IN NBA 2K21!,aJB6IwBAcQ8,4 years ago,4275,,NORMAL
*NEW* BEST POSTSCORER BUILD FOR THE COMP STAGE 1s COURT! UNSTOPPABLE 99 POST HOOKING CENTER NBA2K21!,Ujp9vPB_MR4,4 years ago,30567,,NORMAL
HOP STEPS ARE STILL IN THE GAMEüßÄ! HOP STEPS ARE MORE TOXIC THAN POST HOOKS!,JuvTFXfOAWo,4 years ago,4256,,NORMAL
FIRST POSTSCORER TO ISO üëÅ ON THE 2s COURT IN COMPSTAGE! BEST POSTSCORER IN NBA 2K21!,CAcKtZXZ9J4,4 years ago,8298,,NORMAL
THIS BUILD IS BECOMING TO TOXIC! 2K NEEDS TO PATCH THIS BUILD IN NBA 2K21 ASAP!,IHtEFPz4y50,4 years ago,6778,,NORMAL
THE BEST OLD HEAD POSTSCORER IN NBA 2K21! ANYBODY CAN WIN A POSTSCORER MATCH IN NBA 2K21!,uWjD7GNK9Is,4 years ago,5536,,NORMAL
SLASHERS ARE TOO OP THIS YEAR! 2K SECRETLY PATCHED POST HOOKS IN NBA 2K21!,IW-UdlYl4RA,4 years ago,4262,,NORMAL
THIS POSTSCORER BUILD IS UNSTOPPABLE ON THE 1s COURT! 99 POST HOOK IS UNGUARDABLE IN NBA2K21!,2szHEyw_2cA,4 years ago,11206,,NORMAL
COMP STAGE GAMEPLAY ON 1v1 COURT! BEST POSTSCORER IN NBA 2K21!,I91zwjEtIBY,4 years ago,5793,,NORMAL
POST HOOKS ARE USELESS! NEW META FOR POSTSCORERS IN NBA 2K21!,HRFmTJtiMto,4 years ago,4861,,NORMAL
THE REASON WHY I DONT PLAY GUARD! GUARD IS TO EASY AND ANYBODY CAN PLAYB IT IN NBA2K21!,uxaBAXqafdE,4 years ago,4334,,NORMAL
THE BEST POST HOOK TO USE IN COMP STAGE 1v1! COMP POSTSCORER MATCH IN NBA 2K21! POST HOOK 2 VS 3!,Gp6lruDJQZc,4 years ago,4257,,NORMAL
THE BEST DROPSTEP POSTSCORER VS THE BEST POST HOOKING POSTSCORER! COMPSTAGE 1v1 GAMEPLAY IN NBA2K21!,FwnRVCqXbjo,4 years ago,12334,,NORMAL
IS THIS SKILL OR JUST BAD DEFENSE? BEST POSTSCORER GETS BLOW BY THE  WHOLE GAME IN NBA 2K21!,T4N7cCfvGTY,4 years ago,5526,,NORMAL
TOP COMP POSTSCORERS IN COMPSTAGE GO HEAD TO HEAD! COMPSTAGE 1v1 GAME PLAY ON NBA2K21!,7wZwBSPmvck,4 years ago,4589,,NORMAL
NO MORE SHOT STICK AIMING POST HOOKS IN THE NEW PATCH 1.02 ! HOW TO POST HOOK MORE EASY IN  NBA2K1!,WW90jwm_Wqw,4 years ago,8000,,NORMAL
HOW TO GUARD POST HOOK CHEESE/POSTSCORER TUTORIAL W/ CONTROLLER CAM üîí! NBA 2K21,ExL1KOo7Qzw,4 years ago,17478,,NORMAL
THIS GUARD FOUND A WAY TO BEAT POSTSCORERS/CENTERS ON THE 1s COURT! GUARD ARE TAKING OVER IN NBAK21!,BUysl7ZJj-I,4 years ago,4256,,NORMAL
HOW TO QUICK STOP ON A POSTSCORER/CENTERS IN NBA 2K21! BEST SPEED BOOST ANIMATION ON A POST SCORER !,N5nOyyT-xQ4,4 years ago,5830,,NORMAL
WHY POSTSCORERS IS THE MOST TOXIC BUILD IN NBA 2K21! TRASH TALKERS GET EXPOSED BY A POSTSCORER!,3DXHSRZYhdg,4 years ago,4259,,NORMAL
BEST OLDHEAD SLASHER VS THE BEST POSTSCORER! COMP STAGE 1v1 GAMEPLAY IN NBA 2K21,N-V64d6iAIg,4 years ago,5791,,NORMAL
PATCH POST HOOKS IN NBA 2K21! POST HOOK ARE BROKEN IN NBA 2K21!,chaRRfjfxWA,4 years ago,6070,,NORMAL
GUARD TAKES NO SKILL IN NBA 2K21 COMP STAGE *FADE*  ! BEST POSTSCORER PLAYS 99 PLAYSHOT IN NBA2K21!,2QJQjMWPbKg,4 years ago,6344,,NORMAL
OP BADGE DROPSTEP TAKES NO SKILL! BEST POSTSCORER IN NBA 2K21 GETS PRESSED? COMP STAGE 1v1 GAMEPLAY!,K6w2dMfvl_M,4 years ago,12611,,NORMAL
COMP STAGE GAMEPLAY ON 1v1 COURT IN NBA 2K21! BEST POSTSCORER IN NBS 2K21!,TOWLq0JDrAg,4 years ago,5039,,NORMAL
HOW TO BECOME A COMP POSTSCORER IN NBA 2K21! BEST POST HOOK! *HANDCAM* + BEST POSTSCORER ANIMATIONS!,vtnXsIrZ6CY,4 years ago,55266,,NORMAL
*BEST* SHOOTING BADGE METHOD FOR POSTSCORERS/CENTERS  IN NBA 2K21! MAX SHOOTING BADGES IN 1 GMAE!,SVgzFcd4dSA,4 years ago,4257,,NORMAL
COMP STAGE GAMEPLAY ON 1v1 COURT! BEST POSTSCORER ON NBA 2K21!,MFamz4F3hNY,4 years ago,9351,,NORMAL
POSTHOOKS ARE NOT PATCHED IN NBA2k21! TUTORIAL ON HOW TO MAKE EVREY POSTHOOKS IN NBA 2k21!,woth2ncyX58,4 years ago,4274,,NORMAL
*BEST* JUMPSHOT FOR POSTSCORERS IN NBA 2K21! NEVER MISS POST FADES/JUMPSHOT EVER!,RObWPCQIuQM,4 years ago,10714,,NORMAL
THE TOXIC POST LOCK LINEUP IS BACK IN NBA2K21! POSTSCORER ARE OFFFICALY BACK IN NBA2K21! #WERETURN!,d3KSfj62ebg,4 years ago,4700,,NORMAL
*NEW* BEST FINISHING BADGE METHOD FOR POSTSCORERS/CENTERS IN NBA2k21! NEW BADGE METHOD GLITCH!,9Ayxm6qqDzg,4 years ago,23550,,NORMAL
*NEW* AILIEN COMP FACE CREATION IN NBA 2K21! NEW BEST CHEESY FACE IN NBA2k21!,jcm1cS4i8ao,4 years ago,24570,,NORMAL
POSTSCORERS IN NBA 2k21..........üíî,7nMUuP3TtMI,4 years ago,8127,,NORMAL
MY LAST POSTSCORER VIDEO...........,nPHtnpu8uYw,4 years ago,24363,,NORMAL
THE DIFFERENCE BETWEEN SKILL AND NO SKILL IN NBA 2k20! PROOF NOBODY WANTS TO SHOWS!,5ms3q42AH14,4 years ago,4257,,NORMAL
LEGEND GETS MAD BECAUSE HES PLAYING THE GAME IN AUGUST! BEST COMP GUARD MAKE LEGEND RAGE IN NBA2k20!,jCqb9h39ygo,4 years ago,68445,,NORMAL
2k20 COMP STAGE GAMEPLAY! ANY THING CAN HAPPEN IN COMP STAGE *INTENSE*,wDGeC93ae-4,4 years ago,7419,,NORMAL
SAD TRUTH WHY POSTSCORERS ARE GETTING PATCHED IN NBA2K21! VIDEO *PROOF*  NEVER SEEN BEFORE FOOTAGE!,ifg802gML0o,4 years ago,34987,,NORMAL
TOP 3 BEST POST SCORER BUILDS FOR NBA 2K21 ON THE 1s COURT! BEST BUILD FOR COMP STAGE 1s!,DRF6KmlwrzY,4 years ago,5077,,NORMAL
HOW TO DO POST HOOKS IN NBA2K21! POST HOOKS ARE PATCHED!?,MKEz2ejIzPk,4 years ago,8064,,NORMAL
BEST STRETCH GLASS CLEANER BUILD IN NBA2K21! THE SHOOTING LOCKS ARE BACK!,cWLrFg6U62M,4 years ago,19824,,NORMAL
POSTHOOKS ARE PATCHED IN NBA2k21 *PROOF* SHOWN! NO MORE TOXIC POSTSCORERS IN NBA 2k21!,Sh-84JtBCyo,4 years ago,8793,,NORMAL
BEST POSTSCORER BUILD IN NBA2K21! POST HOOKS AR BACK IN NBA2K21!,8bl7BlZzyK0,4 years ago,6336,,NORMAL
2K20 COMP STAGE GAMEPLAY! NEVER TRUST RANDOMS IN COMP STAGE IN NBA2K20!,wpdGAkCRtjQ,4 years ago,4254,,NORMAL
2K20 COMP STAGE GAMEPLAY! WHY LEGEND LOCK TAKES NO SKILL!COMP STAGE TAKES NO SKILL!,bpqH8aO2JrM,4 years ago,4256,,NORMAL
BEST PAINT BEAST TO PLAY POSTSCORER! STREAMER WAGERED ME AND GOT INTENSE! COMPSTAGE GAMEPLAYNBA2k20!,3DxXxBwUDeA,4 years ago,15322,,NORMAL
MOM COMES IN ON A 500$ WAGER! BEST POSTSCORER ON LEGEND GUARD! BEST POSTSCORER GUARD!,LYsYr8q_wZM,4 years ago,30613,,NORMAL
FUNNY RAGE COMPILATIONüò° NBA 2k20 IS TERRIBLE!,r-0KVMgG6jY,4 years ago,18163,,NORMAL
MY WORST GAMING SETUP TOURüëæ+ ROOM TOURüõå,n-8J2FJu3Do,4 years ago,207286,,NORMAL
2k20 COMP STAGE GAMEPLAY! NEVER GIVE UP IN COMP STAGE 10k NBA2k20!,XkiaFcp5eD0,4 years ago,9310,,NORMAL
WINNING COMP STAGE WITH THE WORST LOCK EVER! NBA2K20 COMP STAGE GAMEPLAY!,UjuJH4I2ZjA,4 years ago,4262,,NORMAL
GUARD TAKES NO SKILL! BEST POSTSCORER SCORER WINS 200 FOW A WAGER IN NBA 2k20!,Q1U0gQOoQNw,4 years ago,6130,,NORMAL
INTERIOR FINISHER VS INTERIOR FORCE! WHICH ONE IS THE BETTER BUILD IN NBA2k20!,v-bSNLULbsU,4 years ago,6863,,NORMAL
COMP STAGE HATES POSTSCORER! POSTSCORER GETS SOLD BY NBA 2k20!,JPLwt38uyM4,4 years ago,4335,,NORMAL
BEST POSTSCORER PLAYS THE MOST TOXIC LINEUP IN COMP STAGE IN NBA 2k20! *FUNNY RAGE REACTION*,TIYO6KCGDys,4 years ago,29272,,NORMAL
NO POINT OF POSTSCORERS ANYMORE! GLASS LOCKS CAN PLAY JUST LIKE POSTSCORERS!,zsWOgx81S_E,4 years ago,4372,,NORMAL
ISHOWSPEED VS EXOTICBRYCE $200 WAGER BO5! BEST POSTSCORERS GO HEAD TO HEAD IN NBA 2K20!,EI7J8CYiRZk,4 years ago,4765,,NORMAL
RANDOM SOLD THE BEST POSTSCORER IN NBA 2k20! WHY RANDOMS ALWAYS WANNA PLAY WITH POSTSCORERS!,1YaekISlwAs,4 years ago,5623,,NORMAL
I GOT SCAMMED FOR 500$ BECAUSE IM THE BEST POSTSCORER! NEVER RUN A POSTSCORER FOR A WAGER!,-cvU7Of-1xE,4 years ago,49299,,NORMAL
99 TENDENCY VS THE BEST POSTSCORER IN NBA 2k20 COMP STAGE! TAKES NO SKILL WHEN YOU HAVE TENDENCIES!,m10KQ5pbFrI,4 years ago,4395,,NORMAL
BEST BIG BUILD FOR BOOT CAMP IN AUGUST! 100k MY POINTS PER GAME! HOW TO WIN BOOT CAMP IN NBA2k20!,dfU09_NmjVA,4 years ago,4601,,NORMAL
LEGEND POSTSCORER ExoticBryce PULLED UP ON THE BEST POSTSCORER! COMP 1v1 GAMEPLAY IN NBA2k20!,FciEeB5ZGAk,4 years ago,4651,,NORMAL
LOST 300$ BECAUSE I USED THE WORST  JUMPSHOT STEPHEN CURRY! STEPH CURRY IS THE WORST-NON COU JUMPER!,c1gKTlpmI68,4 years ago,47261,,NORMAL
LEGEND POSTSCORER CHALLENGED THE BEST POSTSCORER TO 250 POT! COMP POSTSCORER GAMEPLAY IN NBA 2K20!,1comJ9tUyYc,4 years ago,42252,,NORMAL
BEST POSTSCORER LOSES ALL HIS VC TO A OLD HEAD IN NBA2K20! NEVER UNDER ESTIMATE A OPD HEAD IN 2K20!,Ana2SwcGnlQ,4 years ago,6062,,NORMAL
POSTSCORERS ARE CANCELD FOR THE REST OF THE YEAR IN STAGE! BEST POSTSCORER LOOSES TO RANDOMS !,Kjx4FtEe0Sw,4 years ago,4936,,NORMAL
*NEW* BEST CUSTOM JUMPSHOT IN NBA2K20 IN JULY/AUGUST (PATCH 14)! HIGHEST GREEN WINDOW *CONFIRMED* 2k,Kv_2yK7v0A4,4 years ago,5707,,NORMAL
OLD HEAD FROM THE BRONX GETS MAD BECAUSE IM A POSTSCORER IN NBA 2K20!,XcgSBI2SVfA,4 years ago,17035,,NORMAL
‚ÄúWHEN THEY SAY POSTSCORERS CANT PLAY GUARD‚Äù! BEST POSTSCORER DOMINATED ON GUARD IN NBA2k20!,fbUvinpR0y4,4 years ago,6143,,NORMAL
DROPPED TOXIC POSTSCORER OFF A 58 GAME WIN STREAK! BEST POSTSCORER DROPPS A HUGE WIN STREAK OFF!,c66C6pY6qpo,4 years ago,7944,,NORMAL
WHY YOU CANT  WIN RUSH 1v1 ON A GUARD! YOU CANT WIN RUSH 1v1 WITH A GUARD IN NBA2k20!,CgevhFPJZ3k,4 years ago,75601,,NORMAL
HOW TO GO ON HIGH WIN STREAKS ON A POSTSCORER (BEGINNER ) IN NBA2K20! EASY POSTSCORER TUTORIAL!,HpT5nZ-xfyQ,4 years ago,5042,,NORMAL
HALLOWEEN CLOTHES ARE BACK IN JULY 2020 IN NBA2K20! HOW TO GET HALLOWEEN CLOTHES FOR FREE!,F8ha48ExIUM,4 years ago,7030,,NORMAL
HOW TO WIN ON THE 10k COURT IN COMP STAGE WITH A POSTSCORER! COMP STAGE GAMEPLAY!,oXEHx7-sNU0,4 years ago,4659,,NORMAL
BEST POSTSCORER GETS SOLD ON THE 10k COURT IN COMP STAGE! FUNNY COMP STAGE GAMEPLAY IN NBA2K20!,lgyIEpjijSE,4 years ago,139065,,NORMAL
POSTSCORERS ARE PATCHED IN THE NEW UPDATE! NEVER BRING A POSTSCORER TO 10k COURT IN NBA2k20!,PSmEAElJU5w,4 years ago,7633,,NORMAL
FIRST POSTSCORER TO RUN THE 10k COURT IN COMP STAGE! COMP STAGE NBA2K20!,yo_D6QzSzdw,4 years ago,30859,,NORMAL
*NEW* TOXIC POSTSCORER BUILD WITH 99 POST HOOK FOR THE COMP STAGE! WIN EVREY COMP STAGE AFTER THIS!,f2gbNPnbm4I,4 years ago,6616,,NORMAL
WHEN YOU LOOSE 5K TO A POSTSCORER IN STAGE!  FUNNY RAGE IN NBA2K20 *FUNNY REACTION*,NrDXT_cs1t4,4 years ago,168379,,NORMAL
WHY I DONT PLAY GUARD! BEST POSTSCORER TRYS OUT GUARD FOR A SERIES IN NBA2K20!,WNu-kgMJgjk,4 years ago,5993,,NORMAL
*NEW* POSTSCORER SHARP BUILD THAT CAN GREEN DEEP FADES! BEST NEW COMP POSTSCORER BUILD IN NBA2K20!,f5ol3JvbDNo,4 years ago,5020,,NORMAL
Stunna4Vegas GETS DROPPED OFF BY THE BEST POSTSCORER IN NBA2K20! *FUNNY REACTION* COMPSTAGE IN NBA2K,ii4cf3o-pA8,4 years ago,14263,,NORMAL
WHY YOUR POSTSCORER KEEPS GETTING RIPPED! HOW TO STOP GETTING RIPPED FROM GUARDS IN NBA2K20!,5Aq8NwlOU-Y,4 years ago,10341,,NORMAL
PURE BLUE POSTSCORER VS BLUE AND GREEN POSTSCORER! WHICH ONE IS BETTER IN NBA2K20?,SxvhpP3RclI,4 years ago,6000,,NORMAL
*NEW* PLAYMAKING POSTSCORER THAT CAN SPEEDBOOST IN NBA2K20! BEST COMP POSTSCORER BUILD IN NBA2K20!,HF6eLnFXznE,4 years ago,4668,,NORMAL
HOW I BECAME THE BEST POSTSCORER IN THE GAME! FIRST TIME LEARNING HOW TO POST HOOK IN NBA2K20!,AH3tdczteqk,4 years ago,4645,,NORMAL
WIN EVREY COMP STAGE GAME AFTER THIS! BEST BUILD FOR THE COMP STAGE IN NBA2K20!,DBRoK9hX1-8,4 years ago,4879,,NORMAL
"""POSTSCORER DOES NOT TAKE SKILL""  RANDOM POSTSCORER DROPPS THE BEST POSTSCORER OFF!COMPSTAGE NBA2K20",YhxrILjnt5I,4 years ago,4580,,NORMAL
* NEW* GLITCH FOR CENTERS! HOW TO RESIST POST MOVE LOCK DOWN AND MOVING TRUCK IN NBA2K20!,mhK8dlJOwR4,4 years ago,5258,,NORMAL
WHY GLASS LOCKS ARE BETTER THAN POSTSCORERS IN NBA2K20 COMP STAGE 1V1! COMP STAGE 1V1!,oQ84qPuhDdQ,4 years ago,4709,,NORMAL
THE FIRST POSTSCORER TO COME TO COMP STAGE IN NBA 2K20! *MUST WATCH* COMPSTAGE GAMEPLAY IN NBA2K20!,Qs847neF87k,4 years ago,4943,,NORMAL
LIL EAZZYY - ONNA COME UP ‚Ä¢ NBA 2K20 POSTSCORER MIXTAPE #1,WN894ohbgcc,4 years ago,7384,,NORMAL
*NEW* 2 WAY POSTSCORER BUILD IN NBA2K20! NEW BEST COMP STAGE BUILD FOE THE 1S COURT!,Jr7tMvxLEKk,4 years ago,4594,,NORMAL
LEGEND STARTS CRYING BECAUSE IM THE BEST POSTSCORER! *FUNNY REACTION* COMP STAGE 1V1 NBA2K20!,xpJqFced50Q,4 years ago,4517,,NORMAL
POST HOOK 2 VS POST HOOK 3! WHICH ONE IS BETTER IN NBA2K20! *FUNNY REACTION*,jQXFym4R9QE,4 years ago,4531,,NORMAL
BEST POSTSCORER ANIMATIONS AFTER PATCH 13! BEST GREEN LIGHT JUMPER FOR POSTSCORERS IN NBA2K20!,3C2-nX9O8Jw,4 years ago,7645,,NORMAL
WHY YOU SHOULDNT COME TO COMP STAGE WITH A POSTSCORER! *SAD REACTION*  IN NBA2K20,q2WwQduVlQU,4 years ago,6345,,NORMAL
SHOOTEVREYONE GETS DROPPED OFF BY THE BEST POSTSCORER! EXSPOSED IN NBA2K20!,3QWQe71xuTU,4 years ago,92747,,NORMAL
*NEW* CRABü¶Ä POST HOOK GLITCH! UNGAUARDABLE POST HOOK IN NBA2K20! *GLITCH*,ew9mB2KLFS8,4 years ago,7536,,NORMAL
*NEW* BEST DEADPOOL TATTOO TUTORIAL IN 2K20! LOOK LIKE COMP POSTSCORER IN NBA2K20!,nf2H-5VVN4c,4 years ago,26717,,NORMAL
ON GOD IM THE BEST POSTSCORER THATS A FACT! BEST COMP POSTSCORER ANYBODY GOT A PROBLEM NBA2K20!,Ll1J_8WfSNA,4 years ago,5504,,NORMAL
‚ÄúGiuseppe Vuitton EXSPOSED‚Äù SCARED TO PLAY THE BEST POSTSCORER NBA2K20,_sbmCIBHHms,4 years ago,56606,,NORMAL
COMP STAGE ON 1V1 COURT! BEST POSTSCORER EVER  IN NBA2K20!,GvU7w5g7PfA,4 years ago,5399,,NORMAL
HOW TO POST HOOK ON ANY SIDE LEFT OR RIGHT! NBA2K20 TUTORIAL WITH HANDCAM!,uT0az7ZAWBM,4 years ago,12463,,NORMAL
LEGEND POSTSCORER GETS HUMILIATED FOR BEING BAD! TOXIC COMP STAGE 1V1 GAMEPLAY IN NBA2K20!,EgyIMsYpzNU,4 years ago,5011,,NORMAL
DONT CALL YOURSELF A POSTSCORER IF YOU DO THIS! NBA2K20 COMP STAGE 1V1 GAMEPLAY!,QLWsI3bNMB8,4 years ago,4920,,NORMAL
BEST POSTSCORER MATCH IN 2K HISTORY! *MUST SEE* COMP STAGE GAMEPLAY IN NBA2K20,_9uxl0RYnSQ,4 years ago,4942,,NORMAL
WHY IT TAKES SKILL TO BE A POSTSCORER NBA 2K20! IM THE  ONLY GOOD POSTSCORER IN NBA2K20! *PROOF*,8Vlf2pP_OY8,4 years ago,4953,,NORMAL
LEGEND GETS MAD BECAUSE IM A GOOD POSTCORER! *FUNNY REACTION * NBA2K20 COMP STAGE 1V1!,aXr5IergvPQ,4 years ago,4986,,NORMAL
*NEW* GLITCHY POST ROLL üßÄFOR POSTSCORERS + CENTERS! NBA 2K20 TUTORIAL +HANDCAMüßÄ,Q4IpjrYn5p0,4 years ago,5374,,NORMAL
HOW TO GUARD POST HOOK CHEESE AFTER PATCH 13 ! CONTROLLER CAM TUTORIALüîí + HOW TO BEAT COMP POSTSCO!,AKRmlQc0QQk,4 years ago,5646,,NORMAL
*NEW* BEST POSTCORER BUILD FOR THE COMP STAGE 1V1 COURT IN NBA2K20! BEST POSTCORER BUILD FOR NBA 2K2,8H9wQScZuSA,4 years ago,5725,,NORMAL
POST SCORER VS PAINT BEAST IN COMP STAGE IN NBA 2K20! WHICH ON IS THE BETTER BETTER BUILD IN NBA 2K2,uw7EG26A1yE,4 years ago,5590,,NORMAL
MOST INTENSE COMP POST SCORER MATCH IN NBA 2K20 STAGE! NBA 2K20 TOXIC COMP STAGE!,MS2Ptf3WLfM,4 years ago,5648,,NORMAL
*NEW* POST SCORER BUILD FOR THE COMP STAGE 1V1 COURT IN NBA 2K20! NBA2K20 STAGE!,HhRoqGtgYq0,4 years ago,8111,,NORMAL
THE BEST POST HOOK TO USE IN COMP STAGE 1V1! NBA 2K20 BEST POST HOOKS!,3lb85KeRmfE,4 years ago,24701,,NORMAL
COMP STAGE ON 1V1 COURT! COMP POSTSCORER VS THE BEST POSTSCORER,5o5b5_FTC68,4 years ago,19851,,NORMAL
COMP STAGE ON 1V1 COURT! BEST COMEBACK IN POST SCORING HISTORY IN NBA 2K20!,78d1E02Qo_M,4 years ago,7275,,NORMAL
*NEW* BEST SHOOTING BADGE METHOD FOR  POST SCORERS WITH A LOW SHOOTING! FAST METHOD FOR  NBA 2K20,9MXyXfbhIAY,4 years ago,15183,,NORMAL
COMP STAGE GAMEPLAY! NUMBER 1 POST SCORER IN THE WORLD!,L5Eyaf0ctm0,4 years ago,27391,,NORMAL
‚ÄúCOMP STAGE GAMEPLAY‚Äù *WHY YOU NEVER GIVE UP IN STAGE #2 NBA 2K20,SruHWRYitTY,4 years ago,17653,,NORMAL
"""HOW TO BECOME A COMP POST SCORER  IN STAGE 1V1"" *TUTOURIAL* *HANDCAM*  NBA 2K20",B8VFhTrYuX8,4 years ago,20032,,NORMAL
"""HOW TO DO THE NEW CLOSE SHOT FADE GLITCH IN 2K20 WITH ANY BUILD"" *TUTOURIAL HANDCAM* NBA 2K20",6VKhsss2cQE,4 years ago,12044,,NORMAL
"""THE BEST 3 POST SCORER BUILDS FOR THE 1S COURT"" NBA 2K20 STAGE",iVZomsTnKMg,4 years ago,12393,,NORMAL
‚ÄúCOMP STAGE SERIES AGAINST THE BEST POSTSCORER PUT THERE‚Äù *COMP STAGE 1v1* NBA 2K20,_TGrKbqd-Dk,4 years ago,29701,,NORMAL
‚ÄúLEGEND POST SCORER GETS DROPPED OFF BY THE #1 POST SCORER‚Äù *TOXIC COMP STAGE* NBA 2K20,ci_2OMiOHwU,4 years ago,30116,,NORMAL
*BEST* GUARD BUILD FOR BOOTCAMP! HOW TO GET MAX BADGES FOR BOOTCAMP! THE BEST BADGES AND UPGRADES!,9PeO3RQO3vY,4 years ago,34022,,NORMAL
‚ÄúEXSPOSING TRASH TALKING POST SCORER ON THE 1s COURT IN COMP STAGE‚Äù *WATER PARK EXSPOSED* NBA 2k20,YsBfXVU6wJ8,4 years ago,60680,,NORMAL
"""COMP STAGE GAMEPLAY ON TOXIC LINE UPS"" WHY IM THE BEST POST SCORERS ON NBA 2K20",jWGRzoG0gwo,4 years ago,10673,,NORMAL
COMP STAGE ON 1V1 COURT! BEST POST SCORER ON NBA 2K20,8BfjAtecaBU,4 years ago,14398,,NORMAL
‚ÄúI GOT SCAMMED LIVE ON STREAM FOR 500$‚Äù  *FUNNY REACTION* NBA 2K20,hrJ7wfqLDnI,4 years ago,57921,,NORMAL
‚ÄúWHY INTERIOR FORCES TAKE MORE SKILL THAN  INTERIOR FINISHERS‚Äù *FUNNY REACTION* NBA 2K20,Sl3uNhpUabA,4 years ago,52999,,NORMAL
‚ÄúHOW I GOT SOLD IN BASKETBALL GODZ WITH 5 MINUTES LEFT ON LEADERBOARDS ‚Äù *FUNNY REACTION* NBA 2K20,3uBs90N4NRw,4 years ago,77046,,NORMAL
‚ÄúWHY YOU NEVER GIVE UP IN A COMP STAGE GAME‚Äù. NBA 2K20 COMP STAGE GAMEPLAY+BEST WAGER OT ALL TIME,1mV4gxsVvTg,4 years ago,71783,,NORMAL
‚ÄúZULIEE EXPOSED‚Äù CAME BACK AROUND 2 TIMES AND GOT DROPPED OFF *FUNNY REACTION* NBA 2K20,IhzgZ9jhBJc,4 years ago,93298,,NORMAL
FOR 1000$ 2 OF THE BEST POST SCORERS WAGER IN STAGE 1v1!!! NBA 2k20,eCCz8LRTD-o,4 years ago,470248,,NORMAL
HOW TO GUARD POST HOOK CHEESE/POST SCORES TUTORIAL W/ CONTROLLER CAMüîí! NBA 2k20,48TjdJIibjg,5 years ago,66331,,NORMAL
*NEW* POST HOOKING BUILD IN NBA 2K20üßÄ + BEST ANIMATIONS + CHEESE MOVES üßÄ*HOOKS* *HOP SHOT*,AaL0rvwRrW8,5 years ago,33066,,NORMAL
Exsposed....Toxic Elites get dropped off (TOXIC COMP STAGE) Nba 2k20,WKq8LUvUPlg,5 years ago,39722,,NORMAL
How to get recognized in the 2k community....When a youtuber never has a good center! (2k20),P6OkfH1rPZ4,5 years ago,36506,,NORMAL
HOW TO WIN EVREY 1V1 GAME ON 2K20!GLITCHY POST HOOK TUTORIAL !,74AlPRGrqvQ,5 years ago,41929,,NORMAL
7‚Äô3 DEMIGOD  2k20 MIXTAPE,6172jnkJ0Ag,5 years ago,44581,,NORMAL
i play keyboard and mouse (ps4).................,DfNYNHYy6uE,6 years ago,57484,,NORMAL
Keyboard and mouse Special Montage x 200 subs,4Un1PlMglwU,6 years ago,112652,,NORMAL
I Played FLU TNB and this happened..........2k19,JCkF2cPwzfo,6 years ago,57294,,NORMAL
PLAYING WITH MY FRIENDS FROM SCHOOL ON+KEYBOARD AND MOUSE+KEYBINDS AND SENSENTIVITY,wj0hLCcs7vM,6 years ago,86015,,NORMAL
{PLAYMAKING SHARPSHOOTER MIXTAPE#1} {OVERPOWERED DRIBBLE GOD}(NBA 2k19),yU_IfiBiiFo,6 years ago,46738,,NORMAL
3:06 of Keyboard and mouse Ps4 Fortnite,a1svYospbmw,6 years ago,77266,,NORMAL
(Who wanna 1v1) Drop names below,2-AMZFO44NA,6 years ago,151007,,NORMAL
1v1 a Pro Pc player,WMB0F2TGPhE,6 years ago,113460,,NORMAL
Nobody can touch me on keyboard and mouse FORTNITE,H1e8ps-ks4g,6 years ago,174064,,NORMAL
When you play keyboard and mouse on Ps4 Fortnite,Z3NQzQUUdO8,6 years ago,339430,,NORMAL
[CRAZY DUO WIN 16 KILL] [FORTNITE BATTLE ROYALE],VIHXv5olDUg,7 years ago,973240,,NORMAL
"[DEMIGOD-POINT FORWARD 6""10 ATTRIBUTES AND MORE]",E1w98YwPkIw,7 years ago,144116,,NORMAL
[DRIBBLE - GOD  SHARPSHOOTER MIXTAPE #1] Ft.Goldybandztay,kylI0wSnGis,7 years ago,372629,,NORMAL
{2k18} {First Video},UC_DUcEpFws,7 years ago,3213808,,NORMAL
