Tweet ID,Text,Created At,Views,Likes,Retweets,Replies,Quotes
1929668196380168318,"Want a tour of the city for Beast Games season 2 and all the massive sets weâ€™re building?? Iâ€™m going to personally show around people that donate  $100,000 to Beast Philanthropy! I have some big charity projects I want to fund so I think itâ€™s a win/win â¤ï¸

https://t.co/MHJ9sTef2d",Mon Jun 02 22:35:24 +0000 2025,944315,10624,699,1389,55
1929234999821164666,"Dang, and exactly 1 year later weâ€™re on 400Mâ€¦ this is crazy ğŸ˜­",Sun Jun 01 17:54:02 +0000 2025,363894,4743,131,411,10
1929212432771416509,"400,000,000 subscribers! A decade ago before I blew up everyone in my life told me I was to obsessed and constantly told Iâ€™d never make it. Despite that I was in love with making content and grinded every moment my eyes were open for 7 years before anyone started watching. I https://t.co/GkAhG8o2rj",Sun Jun 01 16:24:21 +0000 2025,6538563,133253,7058,7102,1016
1928216883917885673,"Stop asking, Iâ€™m not buying you guys her bath water. https://t.co/VfTUqp4iSK",Thu May 29 22:28:24 +0000 2025,7518357,103246,2850,3015,294
1927080068825678202,Imagine reading this headline to someone in medieval times,Mon May 26 19:11:06 +0000 2025,3955105,38762,992,2249,100
1926682586404851856,People on Tik Tok asked me to be more hood so I did and it became my most liked tik tok ever so here I am again. Idk whatâ€™s going on https://t.co/EiKTF8MwXp,Sun May 25 16:51:39 +0000 2025,23859265,190007,7222,5115,4261
1926321315134288223,Pro Athletes vs Average Joes is now live! The amount of superstars we got is insane ğŸ¥° https://t.co/QA50zqt2Z8,Sat May 24 16:56:05 +0000 2025,1800321,17123,706,891,88
1925965358617198653,"World class athletes vs average people goes up tomorrow, this video will blow your mind :D https://t.co/Ggx6UNqEAJ",Fri May 23 17:21:38 +0000 2025,11788372,85144,3206,2718,808
1924892556447371649,"Link to video 

https://t.co/FW4wRnh5mY",Tue May 20 18:18:42 +0000 2025,866630,1235,94,239,4
1924892452252475528,Uploaded a MrBeast 2 video showing how we built all our deadly traps! Our videos have gotten so big that people think theyâ€™re fake lol. So a big goal for me this year has been behind the scenes so you can see all the effort we put into keep them real :D https://t.co/u3FpcSnAAM,Tue May 20 18:18:18 +0000 2025,833655,10755,607,929,33
1924880958848708718,"When I search Feastables on Target I get this Hershey ad that conveniently uses our Feastables blue color.. 

They also buy pre roll ads on my YouTube channel and Beast Games. Stop harassing my fans Hershey, they donâ€™t want you ğŸ˜­ https://t.co/GXUfL3fOYu",Tue May 20 17:32:37 +0000 2025,1656454,17488,710,1946,130
1924320386935570607,She made another post defending us. Iâ€™m eternally grateful that sheâ€™s helping disprove the false narratives â¤ï¸,Mon May 19 04:25:07 +0000 2025,921711,4950,259,435,14
1924159754709938621,Full response from the Governor of Campeche also defending us from the false headlines https://t.co/IN04hHKbAl,Sun May 18 17:46:49 +0000 2025,1629648,7617,349,220,28
1924158489716219931,Iâ€™ve seen a lot of stories about our recent video in Mexico and wanted to clear some false things being said. Me and my team have great respect for the Mexican and Mayan culture and people. We did this video to get people all over the world excited to learn more about their https://t.co/CCRo4Hu1X5,Sun May 18 17:41:47 +0000 2025,206010,43205,3113,2066,371
1922068781058109819,Prime video has renewed Beast Games for not one but TWO MORE SEASONS!! Yâ€™ALL ARE NOT READY FOR THE BIG STUFF WE HAVE PLANNED ğŸ¥°ğŸ¥°ğŸ¥° https://t.co/oc5hWKBEnq,Mon May 12 23:18:02 +0000 2025,3849141,62580,3146,3873,428
1921720576386662887,I remember when videos used to get 37 views in a day not 37 million. I appreciate everyone that watches the videos and just know I would personally thank each of you if it was physically possible â¤ï¸ https://t.co/EPXf2v070A,Mon May 12 00:14:23 +0000 2025,4182599,96469,3628,3582,227
1921240147074441311,"We explored dozens of 2,000 year old ancient temples in the new video to see whatâ€™s inside. One of my favorite vids :D https://t.co/hP89wAzz7r",Sat May 10 16:25:20 +0000 2025,7877380,52210,2168,2524,633
1920500943843438953,I just had a dream about the time my momâ€™s mini van broke down 10 years ago and she was stressing out about how to afford the repairs. Back then I was making like $50 a month off YouTube.. how the hell did I end up the biggest YouTube channel lol,Thu May 08 15:28:00 +0000 2025,5048699,86425,2865,4492,303
1797057918153499065,After 6 years we have finally avenged Pewdiepie ğŸ¥¹ https://t.co/V1znbyqw27,Sun Jun 02 00:09:30 +0000 2024,45835669,865190,54763,15686,6220
1920097849246675027,"Here is how many views we got on YouTube every year of my life from age 12 to now 27!

Age/Views
12 - 15,000
13 - 7,000
14 - 41,148
15 - 125,634
16 - 202,000
17 - 5,482,596
18 - 122,441,813
19 - 464,282,517
20 - 2,099,879,911
21 - 3,324,451,660
22 - 8,184,185,544
23 -",Wed May 07 12:46:15 +0000 2025,936420,10513,501,1083,86
1920092300715172218,Happy Birthday MrBeast!,Wed May 07 12:24:12 +0000 2025,7663203,115443,6180,9781,979
1919446585500487972,"Iâ€™m excited to work with James Patterson, the GOAT of thrillers. Weâ€™ve been cooking a really unique story together and I canâ€™t wait to see your reactions! Itâ€™s been fun to work on a different medium outside videos :D",Mon May 05 17:38:22 +0000 2025,2829028,17502,728,1173,74
1917765281469939873,Crazy watching this now that we have over 100 BILLION views on YouTube.. ğŸ¥º,Thu May 01 02:17:28 +0000 2025,3143200,26514,1011,1372,42
1917696028553183349,Viewstats - https://t.co/0PWDq66AHo,Wed Apr 30 21:42:16 +0000 2025,625130,1363,126,222,6
1917695784084009320,"Just launched the @viewstats mobile app! Every data point you could ever want about your Youtube channel or others is available on it. Download it below if you want to improve your content, see whatâ€™s trending, etc",Wed Apr 30 21:41:18 +0000 2025,1756609,11777,637,1183,77
1917228796287078505,I might actually own this platform soon ğŸ˜­ğŸ™ğŸ» https://t.co/BWGjqPFVWm,Tue Apr 29 14:45:40 +0000 2025,9874503,123725,5305,5001,655
1916889284004426042,"Need 100 men to test this, any volunteers? https://t.co/p2iQvOWbYJ",Mon Apr 28 16:16:34 +0000 2025,51800727,614620,26295,39321,8946
1916181831562781049,"New video has a real bear, explosions, a big minefield with cars driving thru it, more explosions, lots of money, etc.

GO WATCH",Sat Apr 26 17:25:24 +0000 2025,2089604,15975,643,1571,109
1915878525141209115,Top English YouTubers vs Top Spanish YouTubers in basketball! Game starts in 10 minutes! https://t.co/ahvYcSww2d,Fri Apr 25 21:20:10 +0000 2025,2796151,28919,931,1135,165
1913634079800426663,"We brought back our gaming channel! Itâ€™s been a blast gaming with the boys again and new videos every other Saturday starting now ğŸ˜

https://t.co/GFLZpzR3fD",Sat Apr 19 16:41:32 +0000 2025,49048,9427,607,1525,68
1912959225011245193,An army of trucks advertising Feastables are currently driving around Hersheyâ€™s city https://t.co/MBd0DvoRwX,Thu Apr 17 19:59:54 +0000 2025,2259526,20221,797,2038,211
1911429528892629049,My 2 worst preforming videos this year are the ones where I help people. Just thought Iâ€™d share this because some people think I just do it for views but I would get way more views if I didnâ€™t help thousands of people walk and give away a million meals. People would also hate me https://t.co/k8ERiETM5p,Sun Apr 13 14:41:26 +0000 2025,12025985,146663,6535,6650,970
1911105689004482827,"New video is my favorite in a while, go watch :D",Sat Apr 12 17:14:37 +0000 2025,2441746,17881,693,1729,94
1910744468124282997,"If Iâ€™m remembered for anything, I hope itâ€™s the work weâ€™re doing to help kids in child labor, not my YouTube channel. Iâ€™m all in on this issue.",Fri Apr 11 17:19:15 +0000 2025,746950,6792,286,488,24
1910741482555797937,For the last 18 months Iâ€™ve been obsessed with how Feastables can do its part to help kids in child labor on cocoa farms in west Africa. Hereâ€™s what weâ€™ve put in place! https://t.co/P8MdHX4KAL,Fri Apr 11 17:07:23 +0000 2025,3843712,49219,4232,2492,488
1909625617026314469,"Btw we pay our farmers a living income, use fair trade certified beans, etc. so I was already spending a lot on cocoa. A random price hike was pretty brutal ngl. 

Weâ€™ll figure it out. I feel for small businesses though. Could really be a nail in the coffin for them.",Tue Apr 08 15:13:20 +0000 2025,3139315,58955,988,1281,128
1909621956258775458,Ironically because of all the new tariffs it is now way cheaper to make our chocolate bars we sell globally NOT in America because other countries donâ€™t have a 20%+ tariff on our cogs ğŸ˜…,Tue Apr 08 14:58:48 +0000 2025,37309,225313,7335,8112,1561
1909098683271889139,We do routine food drives in America and give millions of meals away for free to Americans each year. If I listed out all the projects weâ€™ve done in America this tweet would be a book. Yet everytime I help people in Africa my top reply is I donâ€™t help my own country lol,Mon Apr 07 04:19:30 +0000 2025,8316042,84205,3164,2771,195
1909020990191141375,"New Beast Philanthropy video we got kids out of literal slavery in West Africa and tried to shine a light on some serious stuff. All revenue from this channel goes towards the non profit â¤ï¸

https://t.co/shKX8zjpxU",Sun Apr 06 23:10:46 +0000 2025,4584185,21469,1481,1322,254
1908946390518268012,My biggest flex is how beautiful my fiancÃ© is ğŸ˜ https://t.co/6xKRxI46V3,Sun Apr 06 18:14:20 +0000 2025,967237,10334,308,768,60
1908942845089857946,ğŸ¥° https://t.co/nE6NkUbHWj,Sun Apr 06 18:00:15 +0000 2025,7227254,149511,3831,4886,394
1907176009004380262,"Proud to announce Iâ€™ve burned down 20,000,000 trees! Canâ€™t wait to upload this video ğŸ™ŒğŸ»",Tue Apr 01 20:59:28 +0000 2025,13381,146615,3443,4390,654
1905766118163374118,Got the main himself to do the morning routine with me https://t.co/JYVynSk0iS,Fri Mar 28 23:37:04 +0000 2025,61503605,328484,14866,5882,3121
1904904542644318513,No ice bowl and banana peels for todayâ€™s morning routine. Just teeth brushing https://t.co/TOftwhvadF,Wed Mar 26 14:33:29 +0000 2025,4331484,53498,1362,2870,224
1904136138618450247,I accidentally slept in and missed my morning routine ğŸ’” https://t.co/wCIcyOA3pa,Mon Mar 24 11:40:07 +0000 2025,40272917,385676,16418,6274,3296
1903791466301849966,"Morning gang, donâ€™t forget to dunk your face in ice water today ğŸ’ªğŸ»",Sun Mar 23 12:50:30 +0000 2025,15490122,261108,12068,4594,1225
1903481905598562428,I visited the 5 deadliest places on earth in the new video ğŸ‘€ https://t.co/3cg1BRCAxV,Sat Mar 22 16:20:25 +0000 2025,10583,37780,1630,2784,228
1902721918798844281,"Iâ€™m probably 2 to 3 thousand hours into learning how I can get as many of the 1,500,000 kids in child labor in west Africa off farms and into schools. Iâ€™ve surrounded myself with the greatest minds and I feel like I know more about child labor in Africa than I do YouTube now lol.",Thu Mar 20 14:00:30 +0000 2025,2317605,35669,1390,1470,205
1902716098526756877,To help get kids out of child labor on cocoa farms in west Africa we started giving away free breakfast at schools (kids are more likely to go if they know they will be fed) and one schoolâ€™s attendance is already up 10% in the first week ğŸ˜®,Thu Mar 20 13:37:23 +0000 2025,6932979,112201,5207,3380,752
1902428245846335648,"I have a pilot living in a $2,500,000 private jet and if he doesnâ€™t leave for 100 days he keeps it, a cop/criminal in a jail and if they donâ€™t leave for 100 days they win $500,000, and someone living in a gym until he loses 100 pounds for $500,000. Canâ€™t wait to upload these ğŸ¥°",Wed Mar 19 18:33:33 +0000 2025,28669892,173689,5009,9326,5437
1899422138894782718,"Brother relax, Feastables isnâ€™t going anywhere ğŸ˜­",Tue Mar 11 11:28:22 +0000 2025,3775757,36911,1154,3549,111
1898766252484468752,I track my weight loss thru my face on sidemen thumbnails https://t.co/XftvMREDr4,Sun Mar 09 16:02:06 +0000 2025,3916145,96679,1631,2007,104
1898458609446498395,https://t.co/1Uho5Upe1U,Sat Mar 08 19:39:38 +0000 2025,4172421,198658,6924,2694,241
1898347499837935919,"Sidemen charity match starts in a few hours get in the stream!

https://t.co/kyHZlhFAIW",Sat Mar 08 12:18:08 +0000 2025,959159,3209,148,375,3
1898347354849202532,Your favorite creator is in this photo https://t.co/D80dowggAq,Sat Mar 08 12:17:33 +0000 2025,14529213,124104,3653,15155,5591
1898103015602897295,Feastables is now available in London ğŸ‡¬ğŸ‡§ https://t.co/SvU10di9nP,Fri Mar 07 20:06:38 +0000 2025,1814295,22610,932,1979,168
1895895329540825115,"I put 100 people in 100 circles and gave the last to leave $500,000! GO WATCH",Sat Mar 01 17:54:05 +0000 2025,2755148,23134,1064,3524,222
1895852639898005977,"Hereâ€™s what I actually said, such a shame that only a small % of the people that saw the slanderous article will see this. Sigh https://t.co/YDR699FLoW",Sat Mar 01 15:04:27 +0000 2025,4067151,60618,1865,1324,249
1895849826979651873,A news site lied and said I said â€œlife is so much easier when youâ€™re brokeâ€ which I didnâ€™t say. Now Iâ€™m waking up to millions of people believing the lie and hating me. Being famous is so much fun ğŸ‘ğŸ» https://t.co/B2UvdaQIgl,Sat Mar 01 14:53:16 +0000 2025,19044977,276745,8862,9057,2032
1892702078029476328,"What are some good ideas that fit this format 

Worldâ€™s Strongest Man vs 100 kids
Or
Worldâ€™s tallest teen vs shortest in basketball

I will read all replies on this tweet, need some good inspiration of world class talent vs something for a coming up video",Thu Feb 20 22:25:14 +0000 2025,7580095,40341,1119,14290,377
1890556613058015280,â€œOnlyâ€ ğŸ˜­,Sat Feb 15 00:19:56 +0000 2025,12412,645321,16143,15508,1334
1890497636903637192,"Hereâ€™s a breakdown of how much each player in Beast Games won of the $25,019,995.00 we gave away

 $ 10,004,242
 $ 4,200,000
 $ 1,800,000
 $ 1,000,000
 $ 650,000
 $ 450,000
 $ 236,878
 $ 200,000
 $ 190,000
 $ 100,000
 $ 100,000
 $ 100,000
 $ 80,000
 $ 80,000
 $ 80,000
 $ 80,000",Fri Feb 14 20:25:35 +0000 2025,8858205,62698,2889,4936,391
1890471205934608473,"Just bank wired the winner of Beast Games $10,000,000 lol https://t.co/daq0XUWUrV",Fri Feb 14 18:40:33 +0000 2025,18287299,178330,5803,9312,1613
1890131192260747512,"The grand finale of Beast Games is out, go see who won more money than anyone else in the history of entertainment! :D https://t.co/VI8O2ijN8y",Thu Feb 13 20:09:27 +0000 2025,2589594,30158,1588,3318,333
1889760057832669193,Tomorrow someone wins the largest cash prize in the history of entertainment on Beast Games ğŸ¤¯,Wed Feb 12 19:34:42 +0000 2025,3082729,37043,1777,4010,206
1888274175585845636,I got unrestricted access to explore the 3 Great Pyramids of Egypt for 100 hours.. Go watch the new video to see what we found ğŸ‘€ https://t.co/RTVhPurLw0,Sat Feb 08 17:10:20 +0000 2025,9428696,118759,5374,6095,1066
1887509839254888624,Episode 9 of Beast Games just dropped (the ending will have your jaw on the floor)! Next Thursday is the final episode and will reveal the winner of the largest prize in the history of entertainment :D,Thu Feb 06 14:33:08 +0000 2025,2358061,18061,913,2151,154
1886671728941924567,"Feastables pays its farmers a living income reference price, uses Fair trade certified beans, and works with CLMRS to audit and remediate child labor on our farms. (For context over 1,500,000 kids work in child labor on cocoa farms in west Africa). When I first started a",Tue Feb 04 07:02:47 +0000 2025,4399,30967,1569,2072,207
1885611924068405607,"Left picture I weighed 240 pounds, right picture I weigh 190 pounds. I was scrolling YouTube shorts and served these clips back to back ğŸ¤¯ https://t.co/ocMGmNy2iN",Sat Feb 01 08:51:30 +0000 2025,5594,50203,1319,3076,177
1885343642237157875,Audiences rated Beast Games 90% but 8 critics rated it 13%.. why the large gap ğŸ˜­ https://t.co/Wp6Z9F834z,Fri Jan 31 15:05:26 +0000 2025,15780481,72572,1491,6707,929
1885213980739711144,I feel like YouTube doesnâ€™t get enough credit for the fact that it shares HALF of ad revenue with its creators. Theyâ€™ve created countless jobs thru this and itâ€™s what allowed me to go from nothing to the life I live. Shout out to YouTube â¤ï¸,Fri Jan 31 06:30:13 +0000 2025,9739676,151168,7482,5589,694
1885072276439040120,"Bump, any rich want to help?",Thu Jan 30 21:07:08 +0000 2025,1483259,12925,474,2359,107
1884956345306141012,"$5,000,000 on the line and only 10 contestants remain!! New Beast Games episode just dropped :D https://t.co/SxQLrSCkZs",Thu Jan 30 13:26:28 +0000 2025,1915767,19777,1048,2417,122
1883199169118216409,Word on the street is MrBeast just uploaded a YouTube video ğŸ˜®,Sat Jan 25 17:04:04 +0000 2025,6686037,28459,1163,3824,216
1881134524509384906,"Dear ultra rich people on X, Iâ€™ve been working on a video where we feed people in need globally and if any of you wouldnâ€™t mind donating a million dollars to help us feed more people thatâ€™d mean the world to me! Pretty plz ğŸ¥º",Mon Jan 20 00:19:55 +0000 2025,28201363,294956,13980,14439,1759
1880120597218488500,"Prime Video just revealed that Beast Games has crossed 50,000,000 unique viewers so far ğŸ¤¯",Fri Jan 17 05:10:55 +0000 2025,6937043,28867,1433,2770,165
1879972693212303698,Most liked reply on this tweet gets whatâ€™s in this mystery box! Will pick winner in 72 hours ğŸ¤ª (btw episode 6 of beast games just dropped go watch) https://t.co/4Q1lmxLdbU,Thu Jan 16 19:23:12 +0000 2025,11150,178109,9334,88125,1054
1879224239485808811,"Unironically Iâ€™ve had so many billionaires reach out to me since I tweeted this, letâ€™s see if we can pull this off ğŸ™ŒğŸ»",Tue Jan 14 17:49:07 +0000 2025,5000983,120895,2810,2832,562
1878995330731299006,"Okay fine, Iâ€™ll buy Tik Tok so it doesnâ€™t get banned",Tue Jan 14 02:39:31 +0000 2025,39671067,639682,30116,20007,7009
1878132133144715658,"Just uploaded a video where we helped 2,000 amputees walk again. Many lived in America and it feels so disgusting that in a country with this much wealth, a fucken YouTuber is their only option to get a prosthetic leg. We need to fix this.",Sat Jan 11 17:29:29 +0000 2025,9526,163475,11842,14329,1766
1877366393164759468,"Episode 5 of Beast Games (featuring Lil Yachty) just dropped and contestants so far have won over $6,400,000! Go watch :D https://t.co/SsIRdQbD0F",Thu Jan 09 14:46:42 +0000 2025,3174192,25115,1360,2886,165
1874500952046338435,So I kinda did a thing.. ğŸ¥° https://t.co/iVG2FEGhhF,Wed Jan 01 17:00:28 +0000 2025,63225115,550345,18328,20131,6103
1873075926684320044,"Beast Games is officially the #1 unscripted series launch in Prime video history :D

Hopefully this opens doors for other creators on streaming platforms â¤ï¸ https://t.co/sDAwBctX9B",Sat Dec 28 18:37:55 +0000 2024,3237908,29003,1937,3207,256
1872698577576968666,Countries where itâ€™s in the top 3 https://t.co/nS2EjDgi3H,Fri Dec 27 17:38:28 +0000 2024,3343,8609,506,1232,65
1872695254526427150,8 days since release and weâ€™re still #1 ğŸ˜®ğŸ˜®ğŸ˜®ğŸ˜®ğŸ˜®ğŸ˜®ğŸ˜®ğŸ¥°ğŸ¥°ğŸ¥° https://t.co/a14OK919Rx,Fri Dec 27 17:25:16 +0000 2024,1571151,8015,473,675,31
1872628951983829478,Should I recreate Squid Games 2 in real life like we did with the first season?,Fri Dec 27 13:01:48 +0000 2024,7125616,75162,2711,9002,740
1872312482381099156,"BEAST GAME EPISODE 3 IS OUT NOW! 

To celebrate, I'm giving away $100,000 total to 10 random people who like and retweet this post!

Go watch it here: https://t.co/Yntf9E7FTN",Thu Dec 26 16:04:16 +0000 2024,12046889,173859,125206,16154,3438
1870242683039683065,"Beast Games is #1 in the US and I cannot express how grateful I am for all of the love and support! I, and countless talented people really put so much love and passion into it, and seeing everyoneâ€™s reactions has been amazing!

Thanks guys! â¤ï¸ https://t.co/ZTcZlXUhCS",Fri Dec 20 22:59:37 +0000 2024,4049,28758,1567,2010,156
1870545271274590539,"Beast Games is ranked #1 in almost half the countries on earth ğŸ˜®

#1 United States ğŸ‡ºğŸ‡¸
#1 India ğŸ‡®ğŸ‡³
#1 Angola ğŸ‡¦ğŸ‡´
#1 Australia ğŸ‡¦ğŸ‡º
#1 New Zealand ğŸ‡³ğŸ‡¿
#1 Azerbaijan ğŸ‡¦ğŸ‡¿
#1 Bahamas ğŸ‡§ğŸ‡¸
#1 Bahrain ğŸ‡§ğŸ‡­
#1 Hong-Kong ğŸ‡­ğŸ‡°
#1 Papua New Guinea ğŸ‡µğŸ‡¬
#1 Jordan ğŸ‡¯ğŸ‡´
#1 Kazakhstan ğŸ‡°ğŸ‡¿
#1 Qatar ğŸ‡¶ğŸ‡¦
#1",Sat Dec 21 19:02:00 +0000 2024,3401,50731,2183,3968,674
1870242683039683065,"Beast Games is #1 in the US and I cannot express how grateful I am for all of the love and support! I, and countless talented people really put so much love and passion into it, and seeing everyoneâ€™s reactions has been amazing!

Thanks guys! â¤ï¸ https://t.co/ZTcZlXUhCS",Fri Dec 20 22:59:37 +0000 2024,4049,28758,1567,2010,156
1870168503325732981,New episodes of Beast Games drop every Thursday! Share this image to people that are confused. Episode 3 next week is 10x better then 1 and 2 ğŸ˜š https://t.co/KHHDAavukb,Fri Dec 20 18:04:51 +0000 2024,1336099,10379,851,798,93
1869923372223844720,Got a few commercials on tonightâ€™s NFL game ğŸ¤ª https://t.co/IyS37DB8vd,Fri Dec 20 01:50:48 +0000 2024,1827918,19048,879,1145,61
1869886360238334139,Seeing everyoneâ€™s reaction to Beast Games is awesome ğŸ¥¹,Thu Dec 19 23:23:43 +0000 2024,4395285,39986,1256,2678,224
1869800176598352134,GUYS STOP MAKING FUN OF ME FOR HAVING A HOODIE UNDER THE SUIT AND WATCH BEAST GAMES! LETS FOCUS,Thu Dec 19 17:41:15 +0000 2024,1541910,19797,452,1131,86
1869790878686171178,"Beast Games is officially out now!! 
GO WATCH ON PRIME VIDEO!

https://t.co/leL2ONsiUu https://t.co/qsc6izSG16",Thu Dec 19 17:04:19 +0000 2024,22265903,43835,1700,3213,2088
1869485420947587402,Show drops tomorrow at noon eastern time/9am pacific,Wed Dec 18 20:50:32 +0000 2024,985055,7405,372,577,12
1869444219938668640,"Tomorrow on twitch Iâ€™m also going to be donating $10,000 to tons of random people reacting to Beast Games ;)",Wed Dec 18 18:06:49 +0000 2024,1672322,14309,609,1097,117
1869443030039814198,If youâ€™re a streamer/youtuber I want to see your reaction to my new show tomorrow!! I convinced Prime Video to let you guys react to episode 1 on stream and make reaction videos on it :D,Wed Dec 18 18:02:05 +0000 2024,3818200,46047,1469,2199,304
1868766339495760290,RT @FaZeClan: Mr. Beast vs. FaZe Clan https://t.co/3W4kXCUJ34,Mon Dec 16 21:13:09 +0000 2024,40,0,989,0,0
1868729560810099187,"$5,000,000 Prize
50 World Records broken
1,000 Contestants duking it out
Biggest sets in entertainment history

Beast Games drops Thursday ğŸ¥° https://t.co/sNNvvmTDGO",Mon Dec 16 18:47:01 +0000 2024,2690554,40944,2509,3416,237
1865822953222427055,"We spent $14,000,000 building a city in a field for the contestants in Beast Games to live and compete in.. December 19th is almost here ğŸ¥° https://t.co/gFxjTq5CFD",Sun Dec 08 18:17:12 +0000 2024,3399,96330,5335,5341,1432
1865082488600633555,"Beast Games Official Trailer! 1,000 contestants, $5,000,000 prize, biggest sets ever, this show will blow your mind! Drops December 19th â¤ï¸ https://t.co/CnQRHhle3A",Fri Dec 06 17:14:51 +0000 2024,2084000,23647,2108,3213,301
1863656141026201710,"One of these 1,000 ordinary people won $5,000,000 (largest grand prize in entertainment history) I canâ€™t wait to drop Beast Games December 19th ğŸ¥° https://t.co/wiZ278Zjn0",Mon Dec 02 18:47:03 +0000 2024,2484926,36674,1956,2988,262
1863253409777770527,"I want to do another Pros vs Amateurs video, what athletes should we invite? ğŸ‘€ https://t.co/0CGajvXvqo",Sun Dec 01 16:06:45 +0000 2024,11053695,122384,3551,10554,547
1862915192817869232,"Tag your favorite sport athlete, Iâ€™m going to do another 1v1 pros vs amateurs video soon and I want to know who to invite ğŸ‘€",Sat Nov 30 17:42:47 +0000 2024,2444845,16269,493,3285,78
1862906150120759744,"Just uploaded a video with Cristiano Ronaldo, Tom Brady, Bryce Harper, Noah Lyles, Speed, and Bryson Dechambeauâ€¦

GO WATCH!",Sat Nov 30 17:06:51 +0000 2024,5921897,74389,3443,2810,289
1862906150120759744,"Just uploaded a video with Cristiano Ronaldo, Tom Brady, Bryce Harper, Noah Lyles, Speed, and Bryson Dechambeauâ€¦

GO WATCH!",Sat Nov 30 17:06:51 +0000 2024,5921897,74390,3443,2810,289
1862235309137641961,Big video dropping this Saturday ğŸ‘€ https://t.co/6ovhwyrgtD,Thu Nov 28 20:41:11 +0000 2024,11447983,290893,12416,5463,1020
1861863140549390564,Guinness just dropped off some of the world records we broke while filming Beast Games lol. IM SO EXCITED TO DROP THIS SHOW IN 22 DAYS ğŸ¥° https://t.co/I9m08olhD3,Wed Nov 27 20:02:19 +0000 2024,6660387,105359,3809,3333,356
1861121958122770860,"Here's a little teaser for Beast Games! I spent over a year creating this 10 episode competition series, breaking 40 world records, building the craziest sets in entertainment history, featuring 1,000 players, and a $5,000,000 grand prize! I poured everything I have into this https://t.co/cjStGESIcn",Mon Nov 25 18:57:07 +0000 2024,3920,35649,2360,2466,450
1859629805282443656,RT @Cristiano: Do you think Iâ€™ll beat @MrBeast? ğŸ˜ Check out my full video: https://t.co/LNG1dvYPdA https://t.co/Z0rIEsZ5tz,Thu Nov 21 16:07:50 +0000 2024,11,0,31210,0,0
1852410203486183777,A three-month investigation into allegations regarding my company has concluded. The lawfirm/investigators reviewed millions of documents/messages and conducted 39 interviews. I was asked to refrain from making public statements to enable a detailed and unbiased investigation. https://t.co/lcWb93r9D0,Fri Nov 01 17:59:43 +0000 2024,14851244,38410,1447,4712,1956
1845133159161074042,"One of the funniest videos weâ€™ve done in a while, go watch! https://t.co/9aV9dxrZtB",Sat Oct 12 16:03:20 +0000 2024,10973638,117227,3916,8932,1357
1816299504674464113,"Over the last few days, Iâ€™ve become aware of the serious allegations of Ava Tyson's behavior online and I am disgusted and opposed to such unacceptable acts.

During that time, I have been focused on hiring an independent third party to conduct a thorough investigation to ensure",Thu Jul 25 02:28:41 +0000 2024,116552157,757484,35294,40780,9145
1813748023614480868,"All my comments on insta are saying I photoshopped this. Nope, Kevin Hart is just short https://t.co/0hCV4f08lq",Thu Jul 18 01:30:01 +0000 2024,29088103,440349,12166,13137,1105
1813291287078170673,"As of today all 34,000,000 pounds of trash from TeamSeas has been removed from the ocean and verified by a third party :D

https://t.co/SbN0HkyVlJ",Tue Jul 16 19:15:06 +0000 2024,12308122,87322,5737,3509,459
1812524829310136755,Would have broken the world record if it wasnâ€™t for GTA 6 trailer ğŸ¥²,Sun Jul 14 16:29:29 +0000 2024,5155543,97844,1426,2317,79
1812524185228320980,New video is my most viewed video ever in 24 hours ğŸ˜® https://t.co/QTHMe0QLuy,Sun Jul 14 16:26:55 +0000 2024,10956951,175406,5304,5388,485
1812155099373867268,"50 YouTubers
1 Billion subscribers
$1,000,00 cash prize
My biggest video ever, Go Watch :D https://t.co/09TJLNuRrw",Sat Jul 13 16:00:18 +0000 2024,13656981,212710,10982,6676,1466
1811106563945316862,"This is my 300 subscriber special video from 11 years ago, so crazy to watch it now ğŸ¥º https://t.co/xQ15OWDktn",Wed Jul 10 18:33:48 +0000 2024,3852269,64999,2243,2044,219
1811019365514428859,I remember freaking out when I hit 300 subscribers 11 years ago.. lol https://t.co/YJadTd0pZq,Wed Jul 10 12:47:18 +0000 2024,18343616,463397,18419,11153,1751
1811014883317530846,"If I were president I wouldnâ€™t care about party lines, Iâ€™d just always truly make the American people my #1 priority. For problems Iâ€™m ignorant in Iâ€™d have experts from the left and right advise me on them and try to find the middle ground thatâ€™s best for America. Wouldnâ€™t be",Wed Jul 10 12:29:29 +0000 2024,12442732,145598,4979,6123,4104
1810721484236591137,"I invited 50 YouTubers to compete for $1,000,000 for their subscribers! Goes live Saturday, my best video yet :) https://t.co/cHKqBCNXdh",Tue Jul 09 17:03:38 +0000 2024,3869,164748,11050,4972,1529
1809562216015827256,If we lower the age to run for president Iâ€™ll jump in the race,Sat Jul 06 12:17:06 +0000 2024,37688983,599479,26350,16549,6730
1808653840553480411,On Kaiâ€™s stream https://t.co/HOEZih3yFY,Thu Jul 04 00:07:33 +0000 2024,11024274,273362,8020,4429,427
1807397374186098960,"When we help people (curing 1000 blind people, building 100 houses, 100 wells, etc) people get mad and say I shouldnâ€™t be doing this and governments should. Yes, ideally a YouTuber isnâ€™t the one fixing these issues but Iâ€™m not just gonna stand by and do nothing ğŸ¤·ğŸ»â€â™‚ï¸",Sun Jun 30 12:54:48 +0000 2024,13968524,437847,32998,13755,3177
1807392837891231879,"Wow, almost a mil subscribers a day in June. Idk if weâ€™ll ever top this month lol https://t.co/GHgzn0RbfJ",Sun Jun 30 12:36:46 +0000 2024,2370671,24882,733,1087,50
1807081926848655764,"We built 100 homes and gave them away for free! New video is my favorite, give it a watch â¤ï¸ https://t.co/mtllkoVATI",Sat Jun 29 16:01:19 +0000 2024,45522918,433846,28561,13236,6141
1805852713298653650,Feastables launch in Australia ğŸ¥° https://t.co/CMENLgnZHS,Wed Jun 26 06:36:52 +0000 2024,3366633,55503,2578,3201,266
1805755981403402450,"Heading to the Sydney Opera House at noon, see you all there :)",Wed Jun 26 00:12:29 +0000 2024,1698128,9510,395,692,37
1804699985570615301,Feastables is now available in every Woolworths in Australia!! And 10 people that buy Feastables in the next 3 days will win a car/compete in a video Iâ€™m filming in Sydney! Canâ€™t wait to meet some of you ğŸ‡¦ğŸ‡º https://t.co/JoGszFoLj0,Sun Jun 23 02:16:20 +0000 2024,6566798,74877,3452,5386,556
1802008951946727605,Just uploaded the most insane video weâ€™ve ever done.. go watch! https://t.co/H1tJG4PhCm,Sat Jun 15 16:03:08 +0000 2024,3695546,43538,1912,3055,227
1801301285788168379,"I donâ€™t think a YouTube channel has ever gained over 20,000,000 subscribers in a month before ğŸ˜® https://t.co/kFLtUJBj1T",Thu Jun 13 17:11:07 +0000 2024,13211360,132403,4896,6499,1007
1800275692107465059,I know it might be obvious but I want all of you to know I appreciate you. The life Iâ€™m living is the one I dreamed of every night as a kid and Iâ€™m very grateful you all watch my content â¤ï¸,Mon Jun 10 21:15:47 +0000 2024,6932543,142716,6061,6240,543
1798875962920362270,I Buried Myself Alive For A Week! Enjoy watching me suffer https://t.co/L97Rrlueqa,Fri Jun 07 00:33:45 +0000 2024,128376532,110060,6070,5132,1586
1798465522008252438,Just filmed our biggest video ever.. https://t.co/uWETt7HGBb,Wed Jun 05 21:22:48 +0000 2024,49501754,496137,25131,12449,11456
1797256546541289682,Yesterday was the most subscribers weâ€™ve ever gotten in a day ğŸ˜® https://t.co/FPSxsvql8l,Sun Jun 02 13:18:46 +0000 2024,4985904,93607,2206,2228,247
1797057918153499065,After 6 years we have finally avenged Pewdiepie ğŸ¥¹ https://t.co/V1znbyqw27,Sun Jun 02 00:09:30 +0000 2024,45835673,865192,54763,15686,6220
1796946455317340349,"I gave two strangers $10,000 everyday they survived in the wilderness (thatâ€™s $3,650,000 a year)

Itâ€™s our best video weâ€™ve ever made, go see how long they survived! :D",Sat Jun 01 16:46:35 +0000 2024,8476762,85815,3450,4486,424
1796631483798503427,https://t.co/mNAmpq6u28,Fri May 31 19:55:00 +0000 2024,4543856,98844,2228,1160,92
1796616723455484135,ğŸ‘€ https://t.co/1boJj6pvrJ,Fri May 31 18:56:21 +0000 2024,1876,403044,13284,7620,1664
1795545213877829831,"We also created a chrome extension that will automatically show you cool data for whatever video youâ€™re watching to the right of it :D

Install it now! - https://t.co/WGhH1If0Kx https://t.co/QW4EzyAJOn",Tue May 28 19:58:33 +0000 2024,2078352,11018,660,659,26
1795543620595925476,"I created a website Viewstats where you can see views, subs, and any advanced data youâ€™d want for any YouTube channel or video! I believe knowledge is power and I want to help creators of all sizes improve their YouTube performance!

Check it out - https://t.co/NdqQBs0V6c",Tue May 28 19:52:13 +0000 2024,5754944,44205,3393,2807,528
1792332656429940869,"I put two people who had never met before in a room and gave them $500,000 if they stayed for 100 days! https://t.co/jh0qTw76Zl",Sun May 19 23:12:59 +0000 2024,221271028,209175,20493,11948,9301
1791203929927086228,I challenge the CEO of T-Series to a boxing match https://t.co/zanhy2zl8E,Thu May 16 20:27:50 +0000 2024,14167917,255831,10429,6790,1262
1789789398009004103,Hey billionaires! Iâ€™d love to take some of your unfathomable wealth and use it to complete whatever philanthropic project that matters to you for a video on our beast philanthropy channel! (100% of all the revenue on this channel goes back into the charity) â¤ï¸â¤ï¸ https://t.co/xTZcSRqbfU,Sun May 12 22:46:59 +0000 2024,7745140,97252,5794,4669,472
1789326094648168889,I think MrBeast just uploaded a YouTube video!,Sat May 11 16:05:59 +0000 2024,7887622,70973,2829,4457,250
1787977604898709847,RT @MrBeast: Hereâ€™s how many views Iâ€™ve gotten on YouTube every year of my life. Iâ€™m grateful after all these years I still get to do whatâ€¦,Tue May 07 22:47:34 +0000 2024,30,0,2505,0,0
1787883269146509518,To celebrate my 26th birthday Iâ€™m giving away 26 Teslas on my instagram ğŸ‰ https://t.co/L9iA40Hv73,Tue May 07 16:32:43 +0000 2024,37191737,414450,25610,35550,8252
1787815165649400122,"Hereâ€™s how many views Iâ€™ve gotten on YouTube every year of my life. Iâ€™m grateful after all these years I still get to do what I love ğŸ¥°

12- 15,000
 13- 7,000
 14- 41,148
 15- 125,634
 16- 202,000
 17- 5,482,596
 18- 122,441,813
 19- 464,282,517
 20- 2,099,879,911
 21-",Tue May 07 12:02:06 +0000 2024,7281020,65431,2505,3671,292
1787814110614171666,I think today is MrBeastâ€™s Birthday!,Tue May 07 11:57:54 +0000 2024,12753432,136379,7231,17373,1537
1781774610100367830,People want more storytelling in YouTube content and not just ADHD fast paced videos. Which is why my new video is over 40 minutes and has the most depth of any of our videos! My goal is to show it works so more creators switch over â¤ï¸ğŸ«¡,Sat Apr 20 19:59:05 +0000 2024,7349877,89993,3471,4514,600
1781724562503148023,This is what it looks like behind the scenes when we have 100 contestants and 300 cameras haha https://t.co/XeItFVYulx,Sat Apr 20 16:40:13 +0000 2024,4691223,63085,3322,2933,354
1781094859132289464,I attempted to survive 7 days in an abandoned city... can't believe places like this exist https://t.co/EXvstsf81X,Thu Apr 18 22:58:00 +0000 2024,126661956,133248,8709,6122,1396
1779586572775518446,Little kid me (back then Iâ€™d destroy any of you at building giant lego towers) https://t.co/L5UR3ZsySV,Sun Apr 14 19:04:36 +0000 2024,4186050,57894,2021,3946,167
1776732112013463825,"I built 100 wells in Africa to provide clean drinking water for up to 500,000 people! This is one of my favorite videos Iâ€™ve ever made ğŸ¥° (all ad rev will go towards getting people in need water) https://t.co/2UL5jGghR5",Sat Apr 06 22:02:00 +0000 2024,172688795,330421,32230,14152,3885
1776305230419783976,So far itâ€™s been around a million in ad revenue. Iâ€™m just adding it to my video budgets so now I can spend more on content lol,Fri Apr 05 17:45:43 +0000 2024,2680742,33712,898,1746,131
1776304786784100447,Posting videos on X has been awesome so far ğŸ¥° https://t.co/OQOHpTActH,Fri Apr 05 17:43:57 +0000 2024,5835540,64173,2635,3742,273
1774848404272677167,Iâ€™m quitting YouTube,Mon Apr 01 17:16:49 +0000 2024,28406414,208140,8492,32623,2929
1774533584654684671,"Every time I send out a shipment of Feastables  they sell out. Iâ€™m trying to get it where you all can actually try it, sorry for taking so long ğŸ™ƒ",Sun Mar 31 20:25:50 +0000 2024,5733414,29004,1261,3727,153
1774114267261767898,Let me know if you like the editing style of the new video! Itâ€™s slower and especially toward the end shows more depth of what weâ€™re experiencing than I used to show. I think weâ€™re on to something :),Sat Mar 30 16:39:37 +0000 2024,4565865,39797,1447,3445,99
1772614245957480498,"I was just looking over all the Beast Philanthropy videos and the impact so far is insane! Weâ€™ve also given 20,000,000 meals to people in need (avg around 2M meals a month nowğŸ¥°)

I want to give praise to my partner Darren, heâ€™s the maniac that doesnâ€™t sleep, most selfless person https://t.co/k9mGAYLMDW",Tue Mar 26 13:19:04 +0000 2024,5399573,59014,3670,5423,273
1771572238476529776,"Iâ€™ve been wanting to make some more chill content with the squad, just uploaded a test video on MrBeast 2! Let me know what you think â¤ï¸

https://t.co/oG3tsbqMEh",Sat Mar 23 16:18:30 +0000 2024,3047571,19929,1337,3462,102
1771306955031859405,"I bought a grocery store and gave someone $10,000 every day he survived inside! How long would you have stayed? https://t.co/3GOE34y9iq",Fri Mar 22 22:44:22 +0000 2024,152881463,178731,11842,17879,3824
1770999823031820373,Whatâ€™s your favorite chocolate snack thatâ€™s not Feastables? Want to study whatâ€™s out there â¤ï¸,Fri Mar 22 02:23:56 +0000 2024,15122714,65865,2049,23145,590
1769742320809758892,"If you want to know more I just did a podcast to talk about it :)

https://t.co/AhnWRTxown",Mon Mar 18 15:07:04 +0000 2024,1979622,11224,776,1028,34
1769741243339141413,"Big news gamers Iâ€™m going to be filming the largest game show in history and releasing it on Prime Video! Over 1,000 contestants, $5,000,000 prize, and many other world records.. Iâ€™ll reveal more later this year but letâ€™s just say, itâ€™s gonna be an insane show :D",Mon Mar 18 15:02:47 +0000 2024,12350474,141464,7411,10959,771
1769031611738149081,"I gave someone a Lamborghini but they had to catch it from a 100 foot drop, stop a train from hitting it, protect it from navy seals, etc 

You def want to watch this one https://t.co/YYVI2Y8WCI",Sat Mar 16 16:02:57 +0000 2024,6264875,76155,3117,5798,336
1768432861009555903,Now if you want to mortgage your home and bet your net worth on black in rouletteâ€¦ that I support,Fri Mar 15 00:23:44 +0000 2024,3584390,48628,1591,2440,197
1768431267505213672,"Itâ€™s painful to see people quit their job/drop out of school to make content full time before theyâ€™re ready. For every person like me that makes it, thousands donâ€™t. Keep that in mind and be smart plz",Fri Mar 15 00:17:24 +0000 2024,16871400,196404,10783,5635,1172
1767938191888183767,"Fun fact, the stores on the border sold out first. People would buy every bar in every Walmart/Target in a city and then drive into Mexico or Canada and resell them ğŸ˜…

Once I catch up to USA demand Iâ€™ll prio launching Mexico/Canada so they stop draining stores here",Wed Mar 13 15:38:06 +0000 2024,1921011,21003,671,1408,99
1767937685555941574,Feastables is basically sold out at the moment (around 20% of stores still have some) Iâ€™m doing everything I can to get some more chocolate factories up and running! Sorry for not being able to buy it right now :/,Wed Mar 13 15:36:05 +0000 2024,4964827,50234,1763,3530,223
1765656431959605516,"Wow, weâ€™re still filming this and my god this might be the greatest video ever uploaded to YouTube.. we went all out on this one",Thu Mar 07 08:31:12 +0000 2024,2257086,33267,863,2125,107
1765124049976299727,"I just realized we have 300+ cameras recording for this video weâ€™re filming, I think that might be a world record lol",Tue Mar 05 21:15:42 +0000 2024,13572385,101133,3052,5215,301
1765124049976299727,"I just realized we have 300+ cameras recording for this video weâ€™re filming, I think that might be a world record lol",Tue Mar 05 21:15:42 +0000 2024,13572385,101133,3052,5215,301
1764717181055508590,"YouTube sent us this 200,000,000 subscriber award ğŸ¥° https://t.co/mThZNX4aES",Mon Mar 04 18:18:57 +0000 2024,35173508,430152,17065,16277,2509
1764293361437909406,"This past year iâ€™ve slowed down our videos, focused on story telling, let scenes breathe, yelled less, more personality, longer videos, etc. And our views have skyrocketed! 

My fellow YouTubers lets get rid of the ultra fast paced/overstim era of content. It doesnâ€™t even work ğŸ’€ https://t.co/J7IBwHF6Jj",Sun Mar 03 14:14:51 +0000 2024,18756973,192683,7689,8838,1821
1760003663995486492,"The reason Iâ€™m doing all this investigation is I had tons of Feastables promo planned but I donâ€™t want to send people to stores if shelves are empty. Donâ€™t want to waste peopleâ€™s time, after 4 days of restocking shelves Iâ€™ve concluded I should chill on the promo for a bit to not",Tue Feb 20 18:09:07 +0000 2024,2024137,12068,727,2001,58
1760000960418439308,If you run a business youâ€™d find this interesting. A store forgot to put out our 35g milk chocolate bar and on the 16th I put the box from the back of store to checkout (where it was supposed to be) and look at our sales the following days at that checkout lane lol https://t.co/YhjXqbtdEF,Tue Feb 20 17:58:22 +0000 2024,2395019,11892,808,1937,57
1759424441585385559,"Iâ€™m seeing this a lot, doing everything I can to restock stores with the new Feastables bar, only so many I can put on a shelf ğŸ˜…â¤ï¸",Mon Feb 19 03:47:30 +0000 2024,9636913,31146,1493,4323,155
1758976973131673674,"This is the biggest announcement of my entire life, let me know what you think https://t.co/xtND5vNkPH",Sat Feb 17 22:09:25 +0000 2024,15869519,155001,10064,10790,1851
1758642415567819019,"I found 100 people ages 1 thru 100 and trapped them in cubes. Then they competed in mental/physical challenges for $500,000 to see which age is the best :D https://t.co/oMnP46zfYi",Sat Feb 17 00:00:00 +0000 2024,161950071,173878,12437,9314,5078
1756362702090391965,If you donâ€™t watch my new YouTube video right now Iâ€™ll be very sad,Sat Feb 10 17:01:14 +0000 2024,8929607,76213,3807,11962,630
1755059255760343191,"In the last 3 years YouTube has shared over 70 Billion dollars of ad revenue with people who upload on their platform ğŸ¤¯

This has changed mine and millions of otherâ€™s lives. Such a beautiful stat",Wed Feb 07 02:41:48 +0000 2024,11473219,120753,6608,7330,493
1753564395676774464,"We found 100 stranded/abandoned dogs and spent over $1,000,000 to find them loving homes! This is one of my favorite videos so I hope you consider adopting a dog :) https://t.co/cfEI3xj672",Fri Feb 02 23:41:46 +0000 2024,150947277,342106,32564,14758,4352
1753400811571359757,I should have helped myself in this video ğŸ’€ https://t.co/uT0c7caNlz,Fri Feb 02 12:51:44 +0000 2024,2675425,46672,1530,1686,114
1753398128303071673,"This might sound crazy, but I thought things far away looking super blurry was normal lol. I got my eyes checked and apparently have a bad stigmatism. Started wearing contacts recently and wow. My eyesight is 3x better and i dont squint/can actually open my eyes normally ğŸ˜…ğŸ¥°",Fri Feb 02 12:41:05 +0000 2024,10503531,109977,4321,7019,533
1751289851587015096,We uploaded on YouTube! Watch or Iâ€™ll cry,Sat Jan 27 17:03:32 +0000 2024,1111,108920,6863,12978,623
1751017452857671778,"Train Vs Giant Pit!

Curious to see if we can replicate the results we got on our last video! https://t.co/EfEWy7O0bV",Fri Jan 26 23:01:07 +0000 2024,2820,238229,24225,14367,3963
1750878489874411771,"Here are the winners of the $250,000 giveaway! They each will receive $25,000 :D

@CrypticCapri@mcemilkemaloglu@lifestylspicer@xelaquimson1@SaraC336@princess_asante@DALIADANCELOVE@omnistuff@lalley_brian@Tsundeme_",Fri Jan 26 13:48:56 +0000 2024,39059196,231752,17288,45608,11233
1750550510908662176,This is now the most reposted post in history ğŸ˜®,Thu Jan 25 16:05:40 +0000 2024,11498943,220357,31537,22453,2502
1749500209061663043,"Iâ€™m gonna give 10 random people that repost this and follow me $25,000 for fun (the $250,000 my X video made)

Iâ€™ll pick the winners in 72 hours",Mon Jan 22 18:32:08 +0000 2024,748027,1935553,2708925,405420,220785
1749499065979576613,"MY FIRST X VIDEO MADE OVER $250,000! ğŸ˜²

But itâ€™s a bit of a facade. Advertisers saw the attention it was getting and bought ads on my video (I think) and thus my revenue per view is prob higher than what youâ€™d experience https://t.co/nViVpZbWBb",Mon Jan 22 18:27:36 +0000 2024,32868362,270170,36360,14893,4163
1748422852401942967,"How much revenue do you think my post on here with 124,000,000 views made? 

Will share screenshot of rev in 3 days",Fri Jan 19 19:11:06 +0000 2024,16157928,85962,9219,9292,767
1748140509590086055,100M views? Dang lol,Fri Jan 19 00:29:11 +0000 2024,4559412,58126,4129,2819,200
1747044525116108854,"$1 Car vs $100,000,000 Car!!!

Iâ€™m curious how much ad revenue a video on X would make so Iâ€™m reuploading this to test it. Will share ad rev next week â¤ï¸ https://t.co/amSSmddFht",Mon Jan 15 23:54:07 +0000 2024,178752849,467268,50570,19659,5420
1746215642204639736,"I gave someone $500,000 in cash but the only catch was for 100 hours Iâ€™d do everything in my power to destroy the $500,000.. Go Watch :D https://t.co/oPUhJwjCYa",Sat Jan 13 17:00:26 +0000 2024,11581945,126725,6305,6853,707
1741881489736769871,These were the most subscribed to YouTube channels of 2023 ğŸ¥° https://t.co/nrrhAIdSPk,Mon Jan 01 17:58:04 +0000 2024,9001006,95662,4535,6485,618
1741147798785917216,"I uploaded, go watch or Iâ€™ll drop kick you",Sat Dec 30 17:22:38 +0000 2023,9028468,72067,2684,5496,279
1738605955774857300,"We found 100 abandoned dogs and gave them everything they could ever dream of for a week and found them all families, go watch the new video :D",Sat Dec 23 17:02:16 +0000 2023,16729581,98912,4755,5871,740
1736071578943664481,This was the room and they obviously had no phones https://t.co/PKUMKR4LLX,Sat Dec 16 17:11:33 +0000 2023,3379847,30016,1518,3165,138
1736069340544327968,"I offered two strangers $500,000 if they lived in a room together for 100 days.. go watch the new video to see how long they lasted :D",Sat Dec 16 17:02:40 +0000 2023,16611020,83413,3308,5800,667
1733548222906249437,"No video today, it has over 12,000 hours of footage and is taking a little longer to edit than I thought haha

Next Saturday guaranteed!",Sat Dec 09 18:04:38 +0000 2023,9033339,76716,2694,4135,221
1732059751633011076,The GTA 6 trailer just broke our record for most views on YouTube in 24 hours ğŸ˜® https://t.co/Wz7yngC8u4,Tue Dec 05 15:29:59 +0000 2023,4440,296025,11889,10758,1196
1730995842612355530,"I paid him $10,000 everyday he stayed in this grocery store without leaving! Go watch the new video to see how long he lasted haha https://t.co/2YhquQZOUp",Sat Dec 02 17:02:23 +0000 2023,843,116784,4511,7008,659
1728458649545113918,"In our new video we compared jobs that pay 

$1
$100,000
$200,000
$300,000
$1,000,000
$10,000,000

Go watch to see the difference!",Sat Nov 25 17:00:29 +0000 2023,8844197,83249,3469,6825,244
1727120642263380102,I heard a noise at the door lol https://t.co/gkQOFMIDM9,Wed Nov 22 00:23:44 +0000 2023,9105558,99020,4418,5997,311
1726637231644066033,I still canâ€™t believe this many people show up every time I upload.. I LOVE ALL OF YOU ğŸ¥ºâ¤ï¸ https://t.co/m8NA1KC0lD,Mon Nov 20 16:22:50 +0000 2023,5547759,74215,3005,4717,193
1725922081131434285,"I spent a week buried alive because you all really liked when I did it for 50 hours.. It was hard af, go watch! https://t.co/3vF7fwXlw4",Sat Nov 18 17:01:04 +0000 2023,17323109,151096,5075,7016,979
1725219891349729389,"With the upcoming sub race with T-Series I just want to make clear I love my fans from India and this has nothing to do with countries, I just want to be #1 most subscribed haha https://t.co/gtbFz9dKKU",Thu Nov 16 18:30:49 +0000 2023,1089,136196,5405,5629,1264
1721568819309649950,I bought a house before Halloween and gave it to a random Trick Or Treater :D https://t.co/0YGw4RtdgR,Mon Nov 06 16:42:46 +0000 2023,14205973,110801,5991,7476,767
1720840900283163032,"I already know Iâ€™m gonna get canceled because I uploaded a video helping people, and to be 100% clear, I donâ€™t care. Iâ€™m always going to use my channel to help people and try to inspire my audience to do the same ğŸ˜…â¤ï¸",Sat Nov 04 16:30:16 +0000 2023,31691771,322410,16838,13973,2652
1720833473491988592,"We built 100 wells in Africa, Go Watch :D",Sat Nov 04 16:00:46 +0000 2023,12059006,111825,5924,4867,1088
1720597748234231937,Weâ€™ve spent over 8 months working on tomorrowâ€™s video and itâ€™s the greatest thing Iâ€™ve ever done! SO EXCITED FOR YOU ALL TO WATCH IT ğŸ¥°,Sat Nov 04 00:24:04 +0000 2023,10668686,97047,3145,3658,222
1717591871738773928,We were digging up dinosaur fossils in the middle of the desert and I accidentally got my fingers caught under a giant bone and messed them up but instead of telling people that Iâ€™ve been saying I got in a fight and won because itâ€™s easier to explain,Thu Oct 26 17:19:48 +0000 2023,14113215,102195,3051,4311,256
1716216114718408761,I just got measured at 6â€™5. Why am I still getting taller in my 20s ğŸ˜­,Sun Oct 22 22:13:02 +0000 2023,24396687,137555,2947,5748,1150
1713997169689038848,Found these comments on an old video lol https://t.co/y2eVI36wb8,Mon Oct 16 19:15:44 +0000 2023,17919124,154610,3473,3675,155
1713586730257764713,"Whatâ€™s interesting is itâ€™s with a closed mouth thumbnail (thank gosh open mouth was cringe)

I screamed way less in the video lol

We slowed the video down a lot

Showed more of me and the boys being dumb

cut less than I normally do

And it seems like everyone liked the changes.",Sun Oct 15 16:04:48 +0000 2023,4036922,37277,1037,1734,204
1713583920082477190,New video broke the world record for most views in 24 hours (non music) ğŸ˜® https://t.co/Jv8Lc5vuNk,Sun Oct 15 15:53:38 +0000 2023,15352470,112499,3818,4439,565
1713405847089422378,"We hit 200,000,000 subscribers!
If you traveled back in time and showed this screenshot to me when I was 13, there is 0 shot heâ€™d believe itâ€™s real haha ğŸ¥ºâ¤ï¸

This is just the beginning though, I still have decades left in the tank ğŸ˜ˆ https://t.co/xnITlyYJ5q",Sun Oct 15 04:06:02 +0000 2023,20730406,243562,12234,9225,1709
1713223378574692530,"Justin Timberlake, Miranda Cosgrove, Mark Cuban, and our biggest explosions yet are all in the new video! Go watch :D",Sat Oct 14 16:00:58 +0000 2023,8278378,52221,1907,2223,172
1711099988388855913,Seems like everyone liked it https://t.co/mAkep1R37i,Sun Oct 08 19:23:22 +0000 2023,2928188,20645,653,1357,72
1711088934518702120,"I won $10,000 in a board game tournament ğŸ¥°

Now Iâ€™m off to bury myself alive for a week lol https://t.co/yMRgPTZCBW",Sun Oct 08 18:39:27 +0000 2023,13025386,114705,2945,3894,308
1710686538802081928,New video has much slower pacing and some of our best sets since Squid Games! Go watch :D,Sat Oct 07 16:00:28 +0000 2023,9748628,69011,1702,3196,212
1709945147767840830,When I had a few thousand subscribers I made a video predicting how many subscribers Iâ€™d have in 10 years and schedule it to manually go public in 10 yearsâ€¦ that video goes live in two years from today ğŸ˜® https://t.co/W1MEdcxDpP,Thu Oct 05 14:54:27 +0000 2023,17393256,214477,6257,3848,340
1709046466629554577,Lots of people are getting this deepfake scam ad of meâ€¦ are social media platforms ready to handle the rise of AI deepfakes? This is a serious problem https://t.co/llkhxswQSw,Tue Oct 03 03:23:24 +0000 2023,34278892,157963,9347,8146,1793
1708892765713539357,Canâ€™t wait to see what the logo will look like on the court ğŸ‘€,Mon Oct 02 17:12:39 +0000 2023,1344234,11964,434,695,18
1708892535018405992,"Feastables is the official sponsor of the @hornets :)

I love Basketball so it only makes sense for Feastablesâ€™s first sponsorship to be with my home team ğŸ¥° https://t.co/XgXy4rotqy",Mon Oct 02 17:11:44 +0000 2023,12544649,107898,4136,2640,691
1707872553715302808,"I messed up.. I bought a random grocery store and told a random person Iâ€™d give him $10,000 everyday he lives in it and itâ€™s been weeks and he shows no signs of ever leaving. Iâ€™m gonna go broke ğŸ˜­",Fri Sep 29 21:38:42 +0000 2023,2075,387421,11363,12617,2299
1707869833356833225,"Iâ€™m about to run this experiment, letâ€™s see how they do!",Fri Sep 29 21:27:53 +0000 2023,5306184,72788,2984,7095,319
1707869557161955744,"Would you spend 100 days in this room with a random stranger for $500,000? (Door is unlocked, if one of you leave before day 100 you both lose) https://t.co/S4O77AvNkn",Fri Sep 29 21:26:47 +0000 2023,57083549,303772,8663,82875,12357
1707016946560938345,"They say it takes 10,000 hours to master something but I think we should switch the saying to 10,000 days",Wed Sep 27 12:58:49 +0000 2023,13465095,103497,4878,3546,380
1703839891342102563,"When I was 12 I basically decided Iâ€™d either become a YouTuber or die trying. There really wasnâ€™t a reality in my head where I didnâ€™t make it, just the time was the issue. Iâ€™d still be making videos at 70 years old even if no one watched them. (Luckily it didnâ€™t get to that point",Mon Sep 18 18:34:20 +0000 2023,6980494,59449,1358,1486,201
1703789620180246965,"Hereâ€™s how subscribers my channel has had every year on my birthday

12 - 1
13 - 10
14 - 25
15 - 76
16 - 1,003
17 - 1,955
18 - 28,927
19 - 1,047,042
20 - 4,727,599
21 - 18,073,754
22 - 34,746,190
23 - 61,680,980
24 - 94,901,362
25 - 151,049,576
26 - 184,000,000 (and counting Iâ€™m",Mon Sep 18 15:14:34 +0000 2023,49434828,272747,10149,7275,2049
1703124809855418687,"We compare cars at these price points in the video 

$1
$100,000
$200,000
$300,000
$500,000
$1,000,000 (10x)
$2,000,000
$10,000,000
$30,000,000
$50,000,000
$100,000,000",Sat Sep 16 19:12:51 +0000 2023,3018318,31630,829,1635,60
1703122541316112671,"I canâ€™t believe we got a flying car, a boat car, and a $100,000,000 car for our new video lol",Sat Sep 16 19:03:50 +0000 2023,10679139,91759,2516,3831,359
1701812094033952824,I thought this guy was Elon Musk but as I got closer I realized he wasnâ€™t but I was in too deep on the picture to back out https://t.co/Pb7r9wpdAZ,Wed Sep 13 04:16:36 +0000 2023,17423600,265761,5219,5236,402
1700848335853175155,Not gonna lie itâ€™s the next day and I went to stand up and my right knee was throbbing lol https://t.co/nJ1k186EiT,Sun Sep 10 12:26:58 +0000 2023,17817503,110525,2416,2416,186
1700561306481279137,"As always the sidemen charity match was awesome. It raised millions for charity, had over 2,700,000 concurrent viewers, and me/all the creators had an amazing time. Well done sidemen â¤ï¸",Sat Sep 09 17:26:25 +0000 2023,10788856,137604,3216,2163,109
1699504653971472394,My mouth is now closed in all my thumbnails but the war has just begun. We must not rest until mouths are closed in everyoneâ€™s thumbnailsğŸ«¡,Wed Sep 06 19:27:39 +0000 2023,3366004,39651,665,1149,71
1699459457002918138,I closed my mouth on all my thumbnails and the watch time went up on every video lol https://t.co/qq8mF4Dgjf,Wed Sep 06 16:28:03 +0000 2023,20146513,152906,3378,4410,964
1698002980555878517,"Just uploaded, we got the worldâ€™s largest shredder and dropped things in it lol",Sat Sep 02 16:00:32 +0000 2023,7998995,68333,2058,3626,214
1697632897623118244,"In tomorrowâ€™s video we knocked over the worldâ€™s largest domino chain, cut a roller coaster and half and had manikins ride it, blew up a 100 foot creeper, tossed things in the worldâ€™s largest shredder, saw if a $100,000 safe could withstand $100,000 in TNT, etc.

Itâ€™s my favorite https://t.co/KfVXfNeIpf",Fri Sep 01 15:29:57 +0000 2023,8250814,36581,1610,2536,242
1695493740331446648,"In order to upload weekly videos later this year Iâ€™ve been filming every single day (and only have a couple days off filming between now and end of year) and Iâ€™m dying mentally. I hope you guys love these videos when they go up, Iâ€™m pushing myself to the max to get them done ğŸ˜­",Sat Aug 26 17:49:43 +0000 2023,14322669,154506,3856,7277,528
1694721530981409167,"We have a couple videos this year that have open brand slots! Our average video is doing over 100,000,000 views in a week (most the videoâ€™s views come after the first week) and all the $ you pay goes towards the content! 

Dm @Reedjd if interested",Thu Aug 24 14:41:14 +0000 2023,11022401,52732,1531,2437,150
1693713146807021708,Training for the @elonmusk vs Zuckerberg undercard https://t.co/zu6QIifLDM,Mon Aug 21 19:54:16 +0000 2023,14070992,134876,3309,4046,293
1693322109236191439,"New Beast Philanthropy video! We built an orphanage and weâ€™re obviously using the revenue from the video to sustain it so give it a watch to help out :D

https://t.co/BxiHcIstSa",Sun Aug 20 18:00:25 +0000 2023,4849535,36423,2085,2047,184
1693291545120624730,"7 days later we broke it again ğŸ˜­

Three peat https://t.co/ZZYQGgXbo5",Sun Aug 20 15:58:58 +0000 2023,3457635,57211,1327,1606,163
1692947508270404031,Can we get MrBeastOlympics trending for fun? â¤ï¸,Sat Aug 19 17:11:54 +0000 2023,7389001,98944,4007,5316,434
1692930307610104188,I flew down a person from EVERY country on earth to compete for a solid gold medal! Go watch :D https://t.co/iHGWE79SJH,Sat Aug 19 16:03:33 +0000 2023,17286656,210783,6063,6825,1862
1692663701935890896,Been a little over a year of lifting ğŸ¥° https://t.co/IPnVG8IRYB,Fri Aug 18 22:24:09 +0000 2023,26743013,490063,10042,12273,2164
1692570687578222634,Tomorrow every country on earth competes for a solid gold 20 pound medal ğŸ‘€ https://t.co/fSGQLncAV2,Fri Aug 18 16:14:33 +0000 2023,11711042,73448,3444,2870,908
1691869070696526002,This Saturday every country on earth competes in my most insane challenges and sets yet ğŸ‘€ https://t.co/1hhXBftJzB,Wed Aug 16 17:46:34 +0000 2023,11212614,65375,2273,3282,314
1690922693439234048,"Hereâ€™s a sneak peak of next Saturdayâ€™s video! (this is just one of the challenges, the other sets are also insane ğŸ¤ª) https://t.co/2He1NZFaO0",Mon Aug 14 03:06:00 +0000 2023,9469662,80678,2984,2851,363
1690752344999260160,"Welp, 7 days later and we just broke the record again by another 3 million views lol https://t.co/1n5WeEFSCx",Sun Aug 13 15:49:06 +0000 2023,386,66259,1325,1424,99
1690494514178191360,Next Saturdayâ€™s video I had a subscriber from every country on earth compete in my own version of Extreme Olympicsâ€¦ the sets are 2x bigger than our squid game sets and itâ€™s my biggest video ever (here are some random screenshots ğŸ˜Š) https://t.co/mCEppR8ndJ,Sat Aug 12 22:44:34 +0000 2023,12900890,150290,4652,4282,756
1688213268312322048,New video broke the world record for most views in 24 hours on a non music video! Iâ€™m living the life I would dream of every night when I was 13.. I love all of you and thank you so much for watching our videos!!! Iâ€™ll never take you all for granted ğŸ¥ºâ¤ï¸ https://t.co/mXZTipLjHa,Sun Aug 06 15:39:43 +0000 2023,19127875,225199,7091,5209,553
